Club,Team,Competition,GameGuid,Date,Opponent,HomeScore,AwayScore,Side,Number,Name,NormalizedMinutes,PlusMinus,Faults,TotalScore,ThreePointers,FieldGoals,FreeThrows,TotalScorePerMinute,PlusMinusPerMinute
Mibac Middelkerke,Mibac Middelkerke HSE B,4e Prov. Heren West-Vlaanderen A,BVBL25269150WVHSE41AHG,za 13 september om 19:00,KBGO Finexa Basket@Sea HSE D,61,66,away,4,Tobian Bessem,30,-3,3,7,0p,6p,1p,0.20,-0.10
Mibac Middelkerke,Mibac Middelkerke HSE B,4e Prov. Heren West-Vlaanderen A,BVBL25269150WVHSE41AHG,za 13 september om 19:00,KBGO Finexa Basket@Sea HSE D,61,66,away,5,Loïc Dekuyper,32,8,3,10,0p,8p,2p,0.30,0.30
Mibac Middelkerke,Mibac Middelkerke HSE B,4e Prov. Heren West-Vlaanderen A,BVBL25269150WVHSE41AHG,za 13 september om 19:00,KBGO Finexa Basket@Sea HSE D,61,66,away,6,Aaron Germonprez,18,13,2,9,3p,2p,4p,0.50,0.70
Mibac Middelkerke,Mibac Middelkerke HSE B,4e Prov. Heren West-Vlaanderen A,BVBL25269150WVHSE41AHG,za 13 september om 19:00,KBGO Finexa Basket@Sea HSE D,61,66,away,7,Louka Verleye,28,1,4,11,0p,10p,1p,0.40,0.00
Mibac Middelkerke,Mibac Middelkerke HSE B,4e Prov. Heren West-Vlaanderen A,BVBL25269150WVHSE41AHG,za 13 september om 19:00,KBGO Finexa Basket@Sea HSE D,61,66,away,8,Warre Vanhee,,0,0,0,0p,0p,0p,,
Mibac Middelkerke,Mibac Middelkerke HSE B,4e Prov. Heren West-Vlaanderen A,BVBL25269150WVHSE41AHG,za 13 september om 19:00,KBGO Finexa Basket@Sea HSE D,61,66,away,9,Kevin Hugue,13,-2,0,0,0p,0p,0p,0.00,-0.20
Mibac Middelkerke,Mibac Middelkerke HSE B,4e Prov. Heren West-Vlaanderen A,BVBL25269150WVHSE41AHG,za 13 september om 19:00,KBGO Finexa Basket@Sea HSE D,61,66,away,10,Enrique Alfonso Alfonso,11,1,1,2,0p,2p,0p,0.20,0.10
Mibac Middelkerke,Mibac Middelkerke HSE B,4e Prov. Heren West-Vlaanderen A,BVBL25269150WVHSE41AHG,za 13 september om 19:00,KBGO Finexa Basket@Sea HSE D,61,66,away,11,Lei Despeghel,2,4,0,0,0p,0p,0p,0.00,2.00
Mibac Middelkerke,Mibac Middelkerke HSE B,4e Prov. Heren West-Vlaanderen A,BVBL25269150WVHSE41AHG,za 13 september om 19:00,KBGO Finexa Basket@Sea HSE D,61,66,away,12,Ruben Weyne,13,13,4,8,0p,8p,0p,0.60,1.00
Mibac Middelkerke,Mibac Middelkerke HSE B,4e Prov. Heren West-Vlaanderen A,BVBL25269150WVHSE41AHG,za 13 september om 19:00,KBGO Finexa Basket@Sea HSE D,61,66,away,13,Robin De Zaeyer,14,-9,1,0,0p,0p,0p,0.00,-0.60
Mibac Middelkerke,Mibac Middelkerke HSE B,4e Prov. Heren West-Vlaanderen A,BVBL25269150WVHSE41AHG,za 13 september om 19:00,KBGO Finexa Basket@Sea HSE D,61,66,away,14,Ron Despeghel,21,-4,4,13,0p,12p,1p,0.60,-0.20
Mibac Middelkerke,Mibac Middelkerke HSE B,4e Prov. Heren West-Vlaanderen A,BVBL25269150WVHSE41AHG,za 13 september om 19:00,KBGO Finexa Basket@Sea HSE D,61,66,away,15,Ayrton Maes,17,3,1,6,0p,6p,0p,0.40,0.20
Mibac Middelkerke,Mibac Middelkerke HSE B,4e Prov. Heren West-Vlaanderen A,BVBL25269150WVHSE41AGJ,vr 19 september om 22:30,Bebita Eernegem HSE A,66,49,home,4,Tobian Bessem,25,27,2,5,0p,0p,5p,0.20,1.10
Mibac Middelkerke,Mibac Middelkerke HSE B,4e Prov. Heren West-Vlaanderen A,BVBL25269150WVHSE41AGJ,vr 19 september om 22:30,Bebita Eernegem HSE A,66,49,home,5,Loïc Dekuyper,17,7,1,0,0p,0p,0p,0.00,0.40
Mibac Middelkerke,Mibac Middelkerke HSE B,4e Prov. Heren West-Vlaanderen A,BVBL25269150WVHSE41AGJ,vr 19 september om 22:30,Bebita Eernegem HSE A,66,49,home,6,Aaron Germonprez,25,9,2,20,3p,12p,5p,0.80,0.40
Mibac Middelkerke,Mibac Middelkerke HSE B,4e Prov. Heren West-Vlaanderen A,BVBL25269150WVHSE41AGJ,vr 19 september om 22:30,Bebita Eernegem HSE A,66,49,home,7,Louka Verleye,23,13,4,2,0p,0p,2p,0.10,0.60
Mibac Middelkerke,Mibac Middelkerke HSE B,4e Prov. Heren West-Vlaanderen A,BVBL25269150WVHSE41AGJ,vr 19 september om 22:30,Bebita Eernegem HSE A,66,49,home,8,Warre Vanhee,7,2,2,4,0p,2p,2p,0.60,0.30
Mibac Middelkerke,Mibac Middelkerke HSE B,4e Prov. Heren West-Vlaanderen A,BVBL25269150WVHSE41AGJ,vr 19 september om 22:30,Bebita Eernegem HSE A,66,49,home,9,Kevin Hugue,6,-13,1,1,0p,0p,1p,0.20,-2.20
Mibac Middelkerke,Mibac Middelkerke HSE B,4e Prov. Heren West-Vlaanderen A,BVBL25269150WVHSE41AGJ,vr 19 september om 22:30,Bebita Eernegem HSE A,66,49,home,10,Enrique Alfonso Alfonso,21,5,2,3,3p,0p,0p,0.10,0.20
Mibac Middelkerke,Mibac Middelkerke HSE B,4e Prov. Heren West-Vlaanderen A,BVBL25269150WVHSE41AGJ,vr 19 september om 22:30,Bebita Eernegem HSE A,66,49,home,13,Robin De Zaeyer,18,14,2,17,12p,4p,1p,0.90,0.80
Mibac Middelkerke,Mibac Middelkerke HSE B,4e Prov. Heren West-Vlaanderen A,BVBL25269150WVHSE41AGJ,vr 19 september om 22:30,Bebita Eernegem HSE A,66,49,home,14,Ron Despeghel,28,20,2,10,0p,8p,2p,0.40,0.70
Mibac Middelkerke,Mibac Middelkerke HSE B,4e Prov. Heren West-Vlaanderen A,BVBL25269150WVHSE41AGJ,vr 19 september om 22:30,Bebita Eernegem HSE A,66,49,home,15,Ayrton Maes,22,-5,3,4,0p,4p,0p,0.20,-0.20
Mibac Middelkerke,Mibac Middelkerke HSE B,4e Prov. Heren West-Vlaanderen A,BVBL25269150WVHSE41AGJ,vr 19 september om 22:30,Bebita Eernegem HSE A,66,49,home,16,Ruben Weyne,7,6,0,0,0p,0p,0p,0.00,0.90
Mibac Middelkerke,Mibac Middelkerke HSE B,4e Prov. Heren West-Vlaanderen A,BVBL25269150WVHSE41ABG,za 27 september om 19:30,Basket Sijsele HSE C,75,71,away,4,Tobian Bessem,31,-2,3,9,0p,6p,3p,0.30,-0.10
Mibac Middelkerke,Mibac Middelkerke HSE B,4e Prov. Heren West-Vlaanderen A,BVBL25269150WVHSE41ABG,za 27 september om 19:30,Basket Sijsele HSE C,75,71,away,5,Loïc Dekuyper,24,4,5,7,0p,6p,1p,0.30,0.20
Mibac Middelkerke,Mibac Middelkerke HSE B,4e Prov. Heren West-Vlaanderen A,BVBL25269150WVHSE41ABG,za 27 september om 19:30,Basket Sijsele HSE C,75,71,away,6,Aaron Germonprez,22,-5,4,12,9p,2p,1p,0.50,-0.20
Mibac Middelkerke,Mibac Middelkerke HSE B,4e Prov. Heren West-Vlaanderen A,BVBL25269150WVHSE41ABG,za 27 september om 19:30,Basket Sijsele HSE C,75,71,away,7,Louka Verleye,12,3,5,2,0p,2p,0p,0.20,0.30
Mibac Middelkerke,Mibac Middelkerke HSE B,4e Prov. Heren West-Vlaanderen A,BVBL25269150WVHSE41ABG,za 27 september om 19:30,Basket Sijsele HSE C,75,71,away,9,Julien Vandenheede,27,9,5,8,3p,2p,3p,0.30,0.30
Mibac Middelkerke,Mibac Middelkerke HSE B,4e Prov. Heren West-Vlaanderen A,BVBL25269150WVHSE41ABG,za 27 september om 19:30,Basket Sijsele HSE C,75,71,away,11,Yonith Delanghe,14,2,1,0,0p,0p,0p,0.00,0.10
Mibac Middelkerke,Mibac Middelkerke HSE B,4e Prov. Heren West-Vlaanderen A,BVBL25269150WVHSE41ABG,za 27 september om 19:30,Basket Sijsele HSE C,75,71,away,13,Robin De Zaeyer,28,-7,3,6,3p,2p,1p,0.20,-0.20
Mibac Middelkerke,Mibac Middelkerke HSE B,4e Prov. Heren West-Vlaanderen A,BVBL25269150WVHSE41ABG,za 27 september om 19:30,Basket Sijsele HSE C,75,71,away,14,Ron Despeghel,21,-14,5,19,3p,10p,6p,0.90,-0.70
Mibac Middelkerke,Mibac Middelkerke HSE B,4e Prov. Heren West-Vlaanderen A,BVBL25269150WVHSE41ABG,za 27 september om 19:30,Basket Sijsele HSE C,75,71,away,15,Ayrton Maes,20,-10,2,8,0p,6p,2p,0.40,-0.50
Mibac Middelkerke,Mibac Middelkerke HSE B,4e Prov. Heren West-Vlaanderen A,BVBL25269150WVHSE41AGD,vr 3 oktober om 22:30,Carrefour Market Blankenberge HSE B,53,51,home,5,Loïc Dekuyper,27,9,1,7,3p,2p,2p,0.30,0.30
Mibac Middelkerke,Mibac Middelkerke HSE B,4e Prov. Heren West-Vlaanderen A,BVBL25269150WVHSE41AGD,vr 3 oktober om 22:30,Carrefour Market Blankenberge HSE B,53,51,home,6,Aaron Germonprez,29,3,2,16,9p,4p,3p,0.60,0.10
Mibac Middelkerke,Mibac Middelkerke HSE B,4e Prov. Heren West-Vlaanderen A,BVBL25269150WVHSE41AGD,vr 3 oktober om 22:30,Carrefour Market Blankenberge HSE B,53,51,home,7,Louka Verleye,18,14,3,4,0p,4p,0p,0.20,0.80
Mibac Middelkerke,Mibac Middelkerke HSE B,4e Prov. Heren West-Vlaanderen A,BVBL25269150WVHSE41AGD,vr 3 oktober om 22:30,Carrefour Market Blankenberge HSE B,53,51,home,8,Warre Vanhee,13,5,2,7,0p,6p,1p,0.50,0.40
Mibac Middelkerke,Mibac Middelkerke HSE B,4e Prov. Heren West-Vlaanderen A,BVBL25269150WVHSE41AGD,vr 3 oktober om 22:30,Carrefour Market Blankenberge HSE B,53,51,home,9,Kevin Hugue,12,-4,1,3,3p,0p,0p,0.30,-0.30
Mibac Middelkerke,Mibac Middelkerke HSE B,4e Prov. Heren West-Vlaanderen A,BVBL25269150WVHSE41AGD,vr 3 oktober om 22:30,Carrefour Market Blankenberge HSE B,53,51,home,10,Enrique Alfonso Alfonso,4,-5,0,2,0p,2p,0p,0.50,-1.20
Mibac Middelkerke,Mibac Middelkerke HSE B,4e Prov. Heren West-Vlaanderen A,BVBL25269150WVHSE41AGD,vr 3 oktober om 22:30,Carrefour Market Blankenberge HSE B,53,51,home,11,Yonith Delanghe,6,-5,1,0,0p,0p,0p,0.00,-0.80
Mibac Middelkerke,Mibac Middelkerke HSE B,4e Prov. Heren West-Vlaanderen A,BVBL25269150WVHSE41AGD,vr 3 oktober om 22:30,Carrefour Market Blankenberge HSE B,53,51,home,12,Ruben Weyne,14,-10,2,0,0p,0p,0p,0.00,-0.70
Mibac Middelkerke,Mibac Middelkerke HSE B,4e Prov. Heren West-Vlaanderen A,BVBL25269150WVHSE41AGD,vr 3 oktober om 22:30,Carrefour Market Blankenberge HSE B,53,51,home,13,Robin De Zaeyer,29,5,1,4,0p,4p,0p,0.10,0.20
Mibac Middelkerke,Mibac Middelkerke HSE B,4e Prov. Heren West-Vlaanderen A,BVBL25269150WVHSE41AGD,vr 3 oktober om 22:30,Carrefour Market Blankenberge HSE B,53,51,home,14,Ron Despeghel,33,4,2,10,0p,10p,0p,0.30,0.10
Mibac Middelkerke,Mibac Middelkerke HSE B,4e Prov. Heren West-Vlaanderen A,BVBL25269150WVHSE41AGD,vr 3 oktober om 22:30,Carrefour Market Blankenberge HSE B,53,51,home,15,Ayrton Maes,,0,0,0,0p,0p,0p,,
Mibac Middelkerke,Mibac Middelkerke HSE B,4e Prov. Heren West-Vlaanderen A,BVBL25269150WVHSE41AGD,vr 3 oktober om 22:30,Carrefour Market Blankenberge HSE B,53,51,home,16,Julien Vandenheede,14,-6,1,0,0p,0p,0p,0.00,-0.40
Mibac Middelkerke,Mibac Middelkerke HSE B,4e Prov. Heren West-Vlaanderen A,BVBL25269150WVHSE41AEG,za 11 oktober om 20:00,BC Digiresto Knokke-Heist HSE B,47,44,away,4,Tobian Bessem,21,-5,0,10,9p,0p,1p,0.50,-0.20
Mibac Middelkerke,Mibac Middelkerke HSE B,4e Prov. Heren West-Vlaanderen A,BVBL25269150WVHSE41AEG,za 11 oktober om 20:00,BC Digiresto Knokke-Heist HSE B,47,44,away,5,Loïc Dekuyper,16,-5,1,2,0p,0p,2p,0.10,-0.30
Mibac Middelkerke,Mibac Middelkerke HSE B,4e Prov. Heren West-Vlaanderen A,BVBL25269150WVHSE41AEG,za 11 oktober om 20:00,BC Digiresto Knokke-Heist HSE B,47,44,away,6,Aaron Germonprez,33,4,2,16,9p,6p,1p,0.50,0.10
Mibac Middelkerke,Mibac Middelkerke HSE B,4e Prov. Heren West-Vlaanderen A,BVBL25269150WVHSE41AEG,za 11 oktober om 20:00,BC Digiresto Knokke-Heist HSE B,47,44,away,7,Louka Verleye,24,-14,4,2,0p,2p,0p,0.10,-0.60
Mibac Middelkerke,Mibac Middelkerke HSE B,4e Prov. Heren West-Vlaanderen A,BVBL25269150WVHSE41AEG,za 11 oktober om 20:00,BC Digiresto Knokke-Heist HSE B,47,44,away,9,Kevin Hugue,3,1,0,0,0p,0p,0p,0.00,0.30
Mibac Middelkerke,Mibac Middelkerke HSE B,4e Prov. Heren West-Vlaanderen A,BVBL25269150WVHSE41AEG,za 11 oktober om 20:00,BC Digiresto Knokke-Heist HSE B,47,44,away,10,Enrique Alfonso Alfonso,9,1,0,4,3p,0p,1p,0.40,0.10
Mibac Middelkerke,Mibac Middelkerke HSE B,4e Prov. Heren West-Vlaanderen A,BVBL25269150WVHSE41AEG,za 11 oktober om 20:00,BC Digiresto Knokke-Heist HSE B,47,44,away,11,Robin De Zaeyer,28,-4,4,3,3p,0p,0p,0.10,-0.10
Mibac Middelkerke,Mibac Middelkerke HSE B,4e Prov. Heren West-Vlaanderen A,BVBL25269150WVHSE41AEG,za 11 oktober om 20:00,BC Digiresto Knokke-Heist HSE B,47,44,away,12,Gustave Vandenheede,13,-4,1,2,0p,0p,2p,0.20,-0.30
Mibac Middelkerke,Mibac Middelkerke HSE B,4e Prov. Heren West-Vlaanderen A,BVBL25269150WVHSE41AEG,za 11 oktober om 20:00,BC Digiresto Knokke-Heist HSE B,47,44,away,13,Julien Vandenheede,25,-4,2,1,0p,0p,1p,0.00,-0.20
Mibac Middelkerke,Mibac Middelkerke HSE B,4e Prov. Heren West-Vlaanderen A,BVBL25269150WVHSE41AEG,za 11 oktober om 20:00,BC Digiresto Knokke-Heist HSE B,47,44,away,14,Ruben Weyne,20,15,2,2,0p,0p,2p,0.10,0.80
Mibac Middelkerke,Mibac Middelkerke HSE B,4e Prov. Heren West-Vlaanderen A,BVBL25269150WVHSE41AEG,za 11 oktober om 20:00,BC Digiresto Knokke-Heist HSE B,47,44,away,15,Ayrton Maes,10,0,0,2,0p,2p,0p,0.20,0.00
Mibac Middelkerke,Mibac Middelkerke HSE B,4e Prov. Heren West-Vlaanderen A,BVBL25269150WVHSE41AGA,vr 24 oktober om 22:30,A.C.J. Basket Brugge HSE B,89,47,home,4,Tobian Bessem,17,38,4,7,3p,2p,2p,0.40,2.20
Mibac Middelkerke,Mibac Middelkerke HSE B,4e Prov. Heren West-Vlaanderen A,BVBL25269150WVHSE41AGA,vr 24 oktober om 22:30,A.C.J. Basket Brugge HSE B,89,47,home,5,Loïc Dekuyper,16,25,2,10,6p,4p,0p,0.60,1.60
Mibac Middelkerke,Mibac Middelkerke HSE B,4e Prov. Heren West-Vlaanderen A,BVBL25269150WVHSE41AGA,vr 24 oktober om 22:30,A.C.J. Basket Brugge HSE B,89,47,home,6,Aaron Germonprez,17,3,3,0,0p,0p,0p,0.00,0.20
Mibac Middelkerke,Mibac Middelkerke HSE B,4e Prov. Heren West-Vlaanderen A,BVBL25269150WVHSE41AGA,vr 24 oktober om 22:30,A.C.J. Basket Brugge HSE B,89,47,home,7,Louka Verleye,22,24,4,11,0p,8p,3p,0.50,1.10
Mibac Middelkerke,Mibac Middelkerke HSE B,4e Prov. Heren West-Vlaanderen A,BVBL25269150WVHSE41AGA,vr 24 oktober om 22:30,A.C.J. Basket Brugge HSE B,89,47,home,8,Warre Vanhee,13,-3,2,2,0p,0p,2p,0.20,-0.20
Mibac Middelkerke,Mibac Middelkerke HSE B,4e Prov. Heren West-Vlaanderen A,BVBL25269150WVHSE41AGA,vr 24 oktober om 22:30,A.C.J. Basket Brugge HSE B,89,47,home,9,Yonith Delanghe,12,1,0,1,0p,0p,1p,0.10,0.10
Mibac Middelkerke,Mibac Middelkerke HSE B,4e Prov. Heren West-Vlaanderen A,BVBL25269150WVHSE41AGA,vr 24 oktober om 22:30,A.C.J. Basket Brugge HSE B,89,47,home,11,Lei Despeghel,12,10,0,2,0p,2p,0p,0.20,0.80
Mibac Middelkerke,Mibac Middelkerke HSE B,4e Prov. Heren West-Vlaanderen A,BVBL25269150WVHSE41AGA,vr 24 oktober om 22:30,A.C.J. Basket Brugge HSE B,89,47,home,12,Gustave Vandenheede,18,31,1,15,0p,12p,3p,0.80,1.70
Mibac Middelkerke,Mibac Middelkerke HSE B,4e Prov. Heren West-Vlaanderen A,BVBL25269150WVHSE41AGA,vr 24 oktober om 22:30,A.C.J. Basket Brugge HSE B,89,47,home,13,Robin De Zaeyer,16,21,4,5,0p,4p,1p,0.30,1.30
Mibac Middelkerke,Mibac Middelkerke HSE B,4e Prov. Heren West-Vlaanderen A,BVBL25269150WVHSE41AGA,vr 24 oktober om 22:30,A.C.J. Basket Brugge HSE B,89,47,home,14,Ron Despeghel,21,35,1,18,6p,8p,4p,0.90,1.70
Mibac Middelkerke,Mibac Middelkerke HSE B,4e Prov. Heren West-Vlaanderen A,BVBL25269150WVHSE41AGA,vr 24 oktober om 22:30,A.C.J. Basket Brugge HSE B,89,47,home,15,Ayrton Maes,22,11,2,12,0p,8p,4p,0.50,0.50
Mibac Middelkerke,Mibac Middelkerke HSE B,4e Prov. Heren West-Vlaanderen A,BVBL25269150WVHSE41AGA,vr 24 oktober om 22:30,A.C.J. Basket Brugge HSE B,89,47,home,17,Ruben Weyne,14,14,4,6,0p,6p,0p,0.40,1.00
Mibac Middelkerke,Mibac Middelkerke HSE B,4e Prov. Heren West-Vlaanderen A,BVBL25269150WVHSE41AGK,vr 7 november om 21:30,Red Sharks Koekelare HSE B,51,48,home,4,Tobian Bessem,20,2,4,0,0p,0p,0p,0.00,0.10
Mibac Middelkerke,Mibac Middelkerke HSE B,4e Prov. Heren West-Vlaanderen A,BVBL25269150WVHSE41AGK,vr 7 november om 21:30,Red Sharks Koekelare HSE B,51,48,home,5,Loïc Dekuyper,19,0,4,5,3p,2p,0p,0.30,0.00
Mibac Middelkerke,Mibac Middelkerke HSE B,4e Prov. Heren West-Vlaanderen A,BVBL25269150WVHSE41AGK,vr 7 november om 21:30,Red Sharks Koekelare HSE B,51,48,home,6,Aaron Germonprez,29,0,4,13,6p,2p,5p,0.40,0.00
Mibac Middelkerke,Mibac Middelkerke HSE B,4e Prov. Heren West-Vlaanderen A,BVBL25269150WVHSE41AGK,vr 7 november om 21:30,Red Sharks Koekelare HSE B,51,48,home,7,Louka Verleye,12,5,3,3,0p,2p,1p,0.30,0.40
Mibac Middelkerke,Mibac Middelkerke HSE B,4e Prov. Heren West-Vlaanderen A,BVBL25269150WVHSE41AGK,vr 7 november om 21:30,Red Sharks Koekelare HSE B,51,48,home,9,Kevin Hugue,5,3,0,0,0p,0p,0p,0.00,0.60
Mibac Middelkerke,Mibac Middelkerke HSE B,4e Prov. Heren West-Vlaanderen A,BVBL25269150WVHSE41AGK,vr 7 november om 21:30,Red Sharks Koekelare HSE B,51,48,home,10,Enrique Alfonso Alfonso,8,10,2,2,0p,2p,0p,0.30,1.30
Mibac Middelkerke,Mibac Middelkerke HSE B,4e Prov. Heren West-Vlaanderen A,BVBL25269150WVHSE41AGK,vr 7 november om 21:30,Red Sharks Koekelare HSE B,51,48,home,11,Julien Vandenheede,4,-6,0,3,3p,0p,0p,0.80,-1.50
Mibac Middelkerke,Mibac Middelkerke HSE B,4e Prov. Heren West-Vlaanderen A,BVBL25269150WVHSE41AGK,vr 7 november om 21:30,Red Sharks Koekelare HSE B,51,48,home,12,Gustave Vandenheede,16,0,1,0,0p,0p,0p,0.00,0.00
Mibac Middelkerke,Mibac Middelkerke HSE B,4e Prov. Heren West-Vlaanderen A,BVBL25269150WVHSE41AGK,vr 7 november om 21:30,Red Sharks Koekelare HSE B,51,48,home,13,Robin De Zaeyer,23,-6,3,2,0p,2p,0p,0.10,-0.30
Mibac Middelkerke,Mibac Middelkerke HSE B,4e Prov. Heren West-Vlaanderen A,BVBL25269150WVHSE41AGK,vr 7 november om 21:30,Red Sharks Koekelare HSE B,51,48,home,14,Ron Despeghel,33,6,2,11,0p,6p,5p,0.30,0.20
Mibac Middelkerke,Mibac Middelkerke HSE B,4e Prov. Heren West-Vlaanderen A,BVBL25269150WVHSE41AGK,vr 7 november om 21:30,Red Sharks Koekelare HSE B,51,48,home,15,Ayrton Maes,21,6,0,8,0p,8p,0p,0.40,0.30
Mibac Middelkerke,Mibac Middelkerke HSE B,4e Prov. Heren West-Vlaanderen A,BVBL25269150WVHSE41AGK,vr 7 november om 21:30,Red Sharks Koekelare HSE B,51,48,home,17,Ruben Weyne,9,-5,2,4,0p,2p,2p,0.40,-0.60
Mibac Middelkerke,Mibac Middelkerke HSE B,4e Prov. Heren West-Vlaanderen A,BVBL25269150WVHSE41ACG,za 29 november om 20:00,Kon BBC De Panne vzw HSE A,48,72,away,4,Tobian Bessem,31,19,3,10,6p,4p,0p,0.30,0.60
Mibac Middelkerke,Mibac Middelkerke HSE B,4e Prov. Heren West-Vlaanderen A,BVBL25269150WVHSE41ACG,za 29 november om 20:00,Kon BBC De Panne vzw HSE A,48,72,away,6,Aaron Germonprez,21,28,2,14,6p,6p,2p,0.70,1.30
Mibac Middelkerke,Mibac Middelkerke HSE B,4e Prov. Heren West-Vlaanderen A,BVBL25269150WVHSE41ACG,za 29 november om 20:00,Kon BBC De Panne vzw HSE A,48,72,away,7,Louka Verleye,17,3,1,4,0p,4p,0p,0.20,0.20
Mibac Middelkerke,Mibac Middelkerke HSE B,4e Prov. Heren West-Vlaanderen A,BVBL25269150WVHSE41ACG,za 29 november om 20:00,Kon BBC De Panne vzw HSE A,48,72,away,8,Warre Vanhee,16,9,2,2,0p,2p,0p,0.10,0.60
Mibac Middelkerke,Mibac Middelkerke HSE B,4e Prov. Heren West-Vlaanderen A,BVBL25269150WVHSE41ACG,za 29 november om 20:00,Kon BBC De Panne vzw HSE A,48,72,away,9,Kevin Hugue,9,1,1,0,0p,0p,0p,0.00,0.10
Mibac Middelkerke,Mibac Middelkerke HSE B,4e Prov. Heren West-Vlaanderen A,BVBL25269150WVHSE41ACG,za 29 november om 20:00,Kon BBC De Panne vzw HSE A,48,72,away,10,Yonith Delanghe,6,1,0,1,0p,0p,1p,0.20,0.20
Mibac Middelkerke,Mibac Middelkerke HSE B,4e Prov. Heren West-Vlaanderen A,BVBL25269150WVHSE41ACG,za 29 november om 20:00,Kon BBC De Panne vzw HSE A,48,72,away,11,Julien Vandenheede,23,23,1,4,0p,2p,2p,0.20,1.00
Mibac Middelkerke,Mibac Middelkerke HSE B,4e Prov. Heren West-Vlaanderen A,BVBL25269150WVHSE41ACG,za 29 november om 20:00,Kon BBC De Panne vzw HSE A,48,72,away,12,Gustave Vandenheede,19,5,1,6,0p,6p,0p,0.30,0.30
Mibac Middelkerke,Mibac Middelkerke HSE B,4e Prov. Heren West-Vlaanderen A,BVBL25269150WVHSE41ACG,za 29 november om 20:00,Kon BBC De Panne vzw HSE A,48,72,away,13,Robin De Zaeyer,17,8,2,13,9p,4p,0p,0.80,0.50
Mibac Middelkerke,Mibac Middelkerke HSE B,4e Prov. Heren West-Vlaanderen A,BVBL25269150WVHSE41ACG,za 29 november om 20:00,Kon BBC De Panne vzw HSE A,48,72,away,14,Ron Despeghel,28,22,3,16,0p,14p,2p,0.60,0.80
Mibac Middelkerke,Mibac Middelkerke HSE B,4e Prov. Heren West-Vlaanderen A,BVBL25269150WVHSE41ACG,za 29 november om 20:00,Kon BBC De Panne vzw HSE A,48,72,away,15,Ayrton Maes,6,-6,1,2,0p,2p,0p,0.30,-1.00
Mibac Middelkerke,Mibac Middelkerke HSE B,4e Prov. Heren West-Vlaanderen A,BVBL25269150WVHSE41ACG,za 29 november om 20:00,Kon BBC De Panne vzw HSE A,48,72,away,17,Ruben Weyne,9,7,3,0,0p,0p,0p,0.00,0.80
Mibac Middelkerke,Mibac Middelkerke HSE B,4e Prov. Heren West-Vlaanderen A,BVBL25269150WVHSE41AGL,vr 5 december om 21:30,BT Kortemark HSE A,79,41,home,4,Tobian Bessem,22,29,2,0,0p,0p,0p,0.00,1.30
Mibac Middelkerke,Mibac Middelkerke HSE B,4e Prov. Heren West-Vlaanderen A,BVBL25269150WVHSE41AGL,vr 5 december om 21:30,BT Kortemark HSE A,79,41,home,6,Aaron Germonprez,22,29,3,17,15p,2p,0p,0.80,1.30
Mibac Middelkerke,Mibac Middelkerke HSE B,4e Prov. Heren West-Vlaanderen A,BVBL25269150WVHSE41AGL,vr 5 december om 21:30,BT Kortemark HSE A,79,41,home,7,Louka Verleye,27,40,2,10,0p,10p,0p,0.40,1.50
Mibac Middelkerke,Mibac Middelkerke HSE B,4e Prov. Heren West-Vlaanderen A,BVBL25269150WVHSE41AGL,vr 5 december om 21:30,BT Kortemark HSE A,79,41,home,8,Warre Vanhee,7,-2,3,0,0p,0p,0p,0.00,-0.30
Mibac Middelkerke,Mibac Middelkerke HSE B,4e Prov. Heren West-Vlaanderen A,BVBL25269150WVHSE41AGL,vr 5 december om 21:30,BT Kortemark HSE A,79,41,home,9,Kevin Hugue,13,6,0,2,0p,2p,0p,0.20,0.50
Mibac Middelkerke,Mibac Middelkerke HSE B,4e Prov. Heren West-Vlaanderen A,BVBL25269150WVHSE41AGL,vr 5 december om 21:30,BT Kortemark HSE A,79,41,home,10,Yonith Delanghe,17,-4,0,6,0p,6p,0p,0.40,-0.20
Mibac Middelkerke,Mibac Middelkerke HSE B,4e Prov. Heren West-Vlaanderen A,BVBL25269150WVHSE41AGL,vr 5 december om 21:30,BT Kortemark HSE A,79,41,home,11,Lei Despeghel,17,6,0,0,0p,0p,0p,0.00,0.40
Mibac Middelkerke,Mibac Middelkerke HSE B,4e Prov. Heren West-Vlaanderen A,BVBL25269150WVHSE41AGL,vr 5 december om 21:30,BT Kortemark HSE A,79,41,home,12,Gustave Vandenheede,17,15,3,2,0p,0p,2p,0.10,0.90
Mibac Middelkerke,Mibac Middelkerke HSE B,4e Prov. Heren West-Vlaanderen A,BVBL25269150WVHSE41AGL,vr 5 december om 21:30,BT Kortemark HSE A,79,41,home,13,Robin De Zaeyer,17,28,1,11,9p,2p,0p,0.60,1.60
Mibac Middelkerke,Mibac Middelkerke HSE B,4e Prov. Heren West-Vlaanderen A,BVBL25269150WVHSE41AGL,vr 5 december om 21:30,BT Kortemark HSE A,79,41,home,14,Ron Despeghel,17,27,3,18,6p,8p,4p,1.10,1.60
Mibac Middelkerke,Mibac Middelkerke HSE B,4e Prov. Heren West-Vlaanderen A,BVBL25269150WVHSE41AGL,vr 5 december om 21:30,BT Kortemark HSE A,79,41,home,15,Julien Vandenheede,13,-2,3,5,0p,2p,3p,0.40,-0.20
Mibac Middelkerke,Mibac Middelkerke HSE B,4e Prov. Heren West-Vlaanderen A,BVBL25269150WVHSE41AGL,vr 5 december om 21:30,BT Kortemark HSE A,79,41,home,17,Ruben Weyne,13,18,1,8,3p,4p,1p,0.60,1.40
Mibac Middelkerke,Mibac Middelkerke HSE B,4e Prov. Heren West-Vlaanderen A,BVBL25269150WVHSE41AIG,za 20 december om 16:00,BBC Koksijde HSE R,45,35,away,6,Aaron Germonprez,25,-2,4,4,3p,0p,1p,0.20,-0.10
Mibac Middelkerke,Mibac Middelkerke HSE B,4e Prov. Heren West-Vlaanderen A,BVBL25269150WVHSE41AIG,za 20 december om 16:00,BBC Koksijde HSE R,45,35,away,7,Louka Verleye,25,-11,0,2,0p,2p,0p,0.10,-0.40
Mibac Middelkerke,Mibac Middelkerke HSE B,4e Prov. Heren West-Vlaanderen A,BVBL25269150WVHSE41AIG,za 20 december om 16:00,BBC Koksijde HSE R,45,35,away,9,Yonith Delanghe,25,-13,3,8,3p,4p,1p,0.30,-0.50
Mibac Middelkerke,Mibac Middelkerke HSE B,4e Prov. Heren West-Vlaanderen A,BVBL25269150WVHSE41AIG,za 20 december om 16:00,BBC Koksijde HSE R,45,35,away,10,Enrique Alfonso Alfonso,25,-16,0,2,0p,2p,0p,0.10,-0.60
Mibac Middelkerke,Mibac Middelkerke HSE B,4e Prov. Heren West-Vlaanderen A,BVBL25269150WVHSE41AIG,za 20 december om 16:00,BBC Koksijde HSE R,45,35,away,12,Gustave Vandenheede,25,-3,3,4,0p,4p,0p,0.20,-0.10
Mibac Middelkerke,Mibac Middelkerke HSE B,4e Prov. Heren West-Vlaanderen A,BVBL25269150WVHSE41AIG,za 20 december om 16:00,BBC Koksijde HSE R,45,35,away,13,Robin De Zaeyer,25,2,4,2,0p,2p,0p,0.10,0.10
Mibac Middelkerke,Mibac Middelkerke HSE B,4e Prov. Heren West-Vlaanderen A,BVBL25269150WVHSE41AIG,za 20 december om 16:00,BBC Koksijde HSE R,45,35,away,14,Ron Despeghel,25,-16,1,8,0p,8p,0p,0.30,-0.60
Mibac Middelkerke,Mibac Middelkerke HSE B,4e Prov. Heren West-Vlaanderen A,BVBL25269150WVHSE41AIG,za 20 december om 16:00,BBC Koksijde HSE R,45,35,away,15,Ayrton Maes,25,9,0,5,0p,4p,1p,0.20,0.40
Mibac Middelkerke,Mibac Middelkerke HSE B,4e Prov. Heren West-Vlaanderen A,BVBL25269150WVHSE41AGH,vr 9 januari om 21:30,KBGO Finexa Basket@Sea HSE D,66,44,home,4,Tobian Bessem,19,27,3,9,0p,8p,1p,0.50,1.40
Mibac Middelkerke,Mibac Middelkerke HSE B,4e Prov. Heren West-Vlaanderen A,BVBL25269150WVHSE41AGH,vr 9 januari om 21:30,KBGO Finexa Basket@Sea HSE D,66,44,home,5,Loïc Dekuyper,27,4,2,2,0p,2p,0p,0.10,0.10
Mibac Middelkerke,Mibac Middelkerke HSE B,4e Prov. Heren West-Vlaanderen A,BVBL25269150WVHSE41AGH,vr 9 januari om 21:30,KBGO Finexa Basket@Sea HSE D,66,44,home,6,Aaron Germonprez,10,18,5,4,0p,4p,0p,0.40,1.80
Mibac Middelkerke,Mibac Middelkerke HSE B,4e Prov. Heren West-Vlaanderen A,BVBL25269150WVHSE41AGH,vr 9 januari om 21:30,KBGO Finexa Basket@Sea HSE D,66,44,home,7,Louka Verleye,28,21,3,12,0p,10p,2p,0.40,0.80
Mibac Middelkerke,Mibac Middelkerke HSE B,4e Prov. Heren West-Vlaanderen A,BVBL25269150WVHSE41AGH,vr 9 januari om 21:30,KBGO Finexa Basket@Sea HSE D,66,44,home,8,Warre Vanhee,21,-7,1,0,0p,0p,0p,0.00,-0.30
Mibac Middelkerke,Mibac Middelkerke HSE B,4e Prov. Heren West-Vlaanderen A,BVBL25269150WVHSE41AGH,vr 9 januari om 21:30,KBGO Finexa Basket@Sea HSE D,66,44,home,9,Kevin Hugue,11,-5,0,4,0p,4p,0p,0.40,-0.50
Mibac Middelkerke,Mibac Middelkerke HSE B,4e Prov. Heren West-Vlaanderen A,BVBL25269150WVHSE41AGH,vr 9 januari om 21:30,KBGO Finexa Basket@Sea HSE D,66,44,home,10,Enrique Alfonso Alfonso,4,3,1,0,0p,0p,0p,0.00,0.80
Mibac Middelkerke,Mibac Middelkerke HSE B,4e Prov. Heren West-Vlaanderen A,BVBL25269150WVHSE41AGH,vr 9 januari om 21:30,KBGO Finexa Basket@Sea HSE D,66,44,home,11,Yonith Delanghe,13,2,0,0,0p,0p,0p,0.00,0.20
Mibac Middelkerke,Mibac Middelkerke HSE B,4e Prov. Heren West-Vlaanderen A,BVBL25269150WVHSE41AGH,vr 9 januari om 21:30,KBGO Finexa Basket@Sea HSE D,66,44,home,12,Gustave Vandenheede,5,14,2,0,0p,0p,0p,0.00,2.80
Mibac Middelkerke,Mibac Middelkerke HSE B,4e Prov. Heren West-Vlaanderen A,BVBL25269150WVHSE41AGH,vr 9 januari om 21:30,KBGO Finexa Basket@Sea HSE D,66,44,home,13,Robin De Zaeyer,18,11,2,6,3p,2p,1p,0.30,0.60
Mibac Middelkerke,Mibac Middelkerke HSE B,4e Prov. Heren West-Vlaanderen A,BVBL25269150WVHSE41AGH,vr 9 januari om 21:30,KBGO Finexa Basket@Sea HSE D,66,44,home,14,Ron Despeghel,28,19,2,25,3p,16p,6p,0.90,0.70
Mibac Middelkerke,Mibac Middelkerke HSE B,4e Prov. Heren West-Vlaanderen A,BVBL25269150WVHSE41AGH,vr 9 januari om 21:30,KBGO Finexa Basket@Sea HSE D,66,44,home,17,Ruben Weyne,17,3,5,4,0p,2p,2p,0.20,0.20
Mibac Middelkerke,Mibac Middelkerke HSE B,4e Prov. Heren West-Vlaanderen A,BVBL25269150WVHSE41AJG,za 17 januari om 21:30,Bebita Eernegem HSE A,60,70,away,4,Tobian Bessem,19,16,3,0,0p,0p,0p,0.00,0.80
Mibac Middelkerke,Mibac Middelkerke HSE B,4e Prov. Heren West-Vlaanderen A,BVBL25269150WVHSE41AJG,za 17 januari om 21:30,Bebita Eernegem HSE A,60,70,away,5,Loïc Dekuyper,20,1,1,11,3p,8p,0p,0.60,0.10
Mibac Middelkerke,Mibac Middelkerke HSE B,4e Prov. Heren West-Vlaanderen A,BVBL25269150WVHSE41AJG,za 17 januari om 21:30,Bebita Eernegem HSE A,60,70,away,6,Aaron Germonprez,30,2,3,10,6p,4p,0p,0.30,0.10
Mibac Middelkerke,Mibac Middelkerke HSE B,4e Prov. Heren West-Vlaanderen A,BVBL25269150WVHSE41AJG,za 17 januari om 21:30,Bebita Eernegem HSE A,60,70,away,7,Louka Verleye,24,1,4,4,0p,4p,0p,0.20,0.00
Mibac Middelkerke,Mibac Middelkerke HSE B,4e Prov. Heren West-Vlaanderen A,BVBL25269150WVHSE41AJG,za 17 januari om 21:30,Bebita Eernegem HSE A,60,70,away,8,Warre Vanhee,,0,0,0,0p,0p,0p,,
Mibac Middelkerke,Mibac Middelkerke HSE B,4e Prov. Heren West-Vlaanderen A,BVBL25269150WVHSE41AJG,za 17 januari om 21:30,Bebita Eernegem HSE A,60,70,away,9,Maxim Deckmyn,26,7,3,18,3p,8p,7p,0.70,0.30
Mibac Middelkerke,Mibac Middelkerke HSE B,4e Prov. Heren West-Vlaanderen A,BVBL25269150WVHSE41AJG,za 17 januari om 21:30,Bebita Eernegem HSE A,60,70,away,10,Yonith Delanghe,,0,0,0,0p,0p,0p,,
Mibac Middelkerke,Mibac Middelkerke HSE B,4e Prov. Heren West-Vlaanderen A,BVBL25269150WVHSE41AJG,za 17 januari om 21:30,Bebita Eernegem HSE A,60,70,away,12,Gustave Vandenheede,12,3,1,1,0p,0p,1p,0.10,0.30
Mibac Middelkerke,Mibac Middelkerke HSE B,4e Prov. Heren West-Vlaanderen A,BVBL25269150WVHSE41AJG,za 17 januari om 21:30,Bebita Eernegem HSE A,60,70,away,13,Robin De Zaeyer,17,5,0,3,3p,0p,0p,0.20,0.30
Mibac Middelkerke,Mibac Middelkerke HSE B,4e Prov. Heren West-Vlaanderen A,BVBL25269150WVHSE41AJG,za 17 januari om 21:30,Bebita Eernegem HSE A,60,70,away,14,Ron Despeghel,36,14,5,18,0p,10p,8p,0.50,0.40
Mibac Middelkerke,Mibac Middelkerke HSE B,4e Prov. Heren West-Vlaanderen A,BVBL25269150WVHSE41AJG,za 17 januari om 21:30,Bebita Eernegem HSE A,60,70,away,15,Ayrton Maes,17,1,0,5,3p,2p,0p,0.30,0.10
Mibac Middelkerke,Mibac Middelkerke HSE B,4e Prov. Heren West-Vlaanderen A,BVBL25269150WVHSE41AGB,vr 23 januari om 21:30,Basket Sijsele HSE C,77,69,home,4,Tobian Bessem,17,2,3,1,0p,0p,1p,0.10,0.10
Mibac Middelkerke,Mibac Middelkerke HSE B,4e Prov. Heren West-Vlaanderen A,BVBL25269150WVHSE41AGB,vr 23 januari om 21:30,Basket Sijsele HSE C,77,69,home,5,Loïc Dekuyper,17,2,1,4,0p,4p,0p,0.20,0.10
Mibac Middelkerke,Mibac Middelkerke HSE B,4e Prov. Heren West-Vlaanderen A,BVBL25269150WVHSE41AGB,vr 23 januari om 21:30,Basket Sijsele HSE C,77,69,home,6,Aaron Germonprez,26,6,4,10,6p,4p,0p,0.40,0.20
Mibac Middelkerke,Mibac Middelkerke HSE B,4e Prov. Heren West-Vlaanderen A,BVBL25269150WVHSE41AGB,vr 23 januari om 21:30,Basket Sijsele HSE C,77,69,home,7,Louka Verleye,22,3,5,6,0p,6p,0p,0.30,0.10
Mibac Middelkerke,Mibac Middelkerke HSE B,4e Prov. Heren West-Vlaanderen A,BVBL25269150WVHSE41AGB,vr 23 januari om 21:30,Basket Sijsele HSE C,77,69,home,8,Warre Vanhee,,0,0,0,0p,0p,0p,,
Mibac Middelkerke,Mibac Middelkerke HSE B,4e Prov. Heren West-Vlaanderen A,BVBL25269150WVHSE41AGB,vr 23 januari om 21:30,Basket Sijsele HSE C,77,69,home,9,Maxim Deckmyn,31,9,3,24,6p,14p,4p,0.80,0.30
Mibac Middelkerke,Mibac Middelkerke HSE B,4e Prov. Heren West-Vlaanderen A,BVBL25269150WVHSE41AGB,vr 23 januari om 21:30,Basket Sijsele HSE C,77,69,home,11,Lei Despeghel,,0,0,0,0p,0p,0p,,
Mibac Middelkerke,Mibac Middelkerke HSE B,4e Prov. Heren West-Vlaanderen A,BVBL25269150WVHSE41AGB,vr 23 januari om 21:30,Basket Sijsele HSE C,77,69,home,12,Gustave Vandenheede,7,4,2,0,0p,0p,0p,0.00,0.60
Mibac Middelkerke,Mibac Middelkerke HSE B,4e Prov. Heren West-Vlaanderen A,BVBL25269150WVHSE41AGB,vr 23 januari om 21:30,Basket Sijsele HSE C,77,69,home,13,Robin De Zaeyer,22,1,2,9,6p,2p,1p,0.40,0.00
Mibac Middelkerke,Mibac Middelkerke HSE B,4e Prov. Heren West-Vlaanderen A,BVBL25269150WVHSE41AGB,vr 23 januari om 21:30,Basket Sijsele HSE C,77,69,home,14,Ron Despeghel,40,5,2,20,0p,14p,6p,0.50,0.10
Mibac Middelkerke,Mibac Middelkerke HSE B,4e Prov. Heren West-Vlaanderen A,BVBL25269150WVHSE41AGB,vr 23 januari om 21:30,Basket Sijsele HSE C,77,69,home,15,Ayrton Maes,10,9,0,3,0p,2p,1p,0.30,0.90
Mibac Middelkerke,Mibac Middelkerke HSE B,4e Prov. Heren West-Vlaanderen A,BVBL25269150WVHSE41AGB,vr 23 januari om 21:30,Basket Sijsele HSE C,77,69,home,17,Ruben Weyne,8,-1,1,0,0p,0p,0p,0.00,-0.10
Mibac Middelkerke,Mibac Middelkerke HSE B,4e Prov. Heren West-Vlaanderen A,BVBL25269150WVHSE41ADG,za 31 januari om 19:00,Carrefour Market Blankenberge HSE B,39,34,away,5,Loïc Dekuyper,21,5,2,5,3p,0p,2p,0.20,0.20
Mibac Middelkerke,Mibac Middelkerke HSE B,4e Prov. Heren West-Vlaanderen A,BVBL25269150WVHSE41ADG,za 31 januari om 19:00,Carrefour Market Blankenberge HSE B,39,34,away,6,Aaron Germonprez,37,-6,1,9,3p,4p,2p,0.20,-0.20
Mibac Middelkerke,Mibac Middelkerke HSE B,4e Prov. Heren West-Vlaanderen A,BVBL25269150WVHSE41ADG,za 31 januari om 19:00,Carrefour Market Blankenberge HSE B,39,34,away,7,Louka Verleye,20,4,3,1,0p,0p,1p,0.10,0.20
Mibac Middelkerke,Mibac Middelkerke HSE B,4e Prov. Heren West-Vlaanderen A,BVBL25269150WVHSE41ADG,za 31 januari om 19:00,Carrefour Market Blankenberge HSE B,39,34,away,8,Warre Vanhee,3,1,2,0,0p,0p,0p,0.00,0.30
Mibac Middelkerke,Mibac Middelkerke HSE B,4e Prov. Heren West-Vlaanderen A,BVBL25269150WVHSE41ADG,za 31 januari om 19:00,Carrefour Market Blankenberge HSE B,39,34,away,10,Lei Despeghel,2,2,0,2,0p,0p,2p,1.00,1.00
Mibac Middelkerke,Mibac Middelkerke HSE B,4e Prov. Heren West-Vlaanderen A,BVBL25269150WVHSE41ADG,za 31 januari om 19:00,Carrefour Market Blankenberge HSE B,39,34,away,11,Yonith Delanghe,12,-7,1,0,0p,0p,0p,0.00,-0.60
Mibac Middelkerke,Mibac Middelkerke HSE B,4e Prov. Heren West-Vlaanderen A,BVBL25269150WVHSE41ADG,za 31 januari om 19:00,Carrefour Market Blankenberge HSE B,39,34,away,12,Gustave Vandenheede,16,-10,2,7,0p,2p,5p,0.40,-0.60
Mibac Middelkerke,Mibac Middelkerke HSE B,4e Prov. Heren West-Vlaanderen A,BVBL25269150WVHSE41ADG,za 31 januari om 19:00,Carrefour Market Blankenberge HSE B,39,34,away,13,Robin De Zaeyer,29,0,2,2,0p,2p,0p,0.10,0.00
Mibac Middelkerke,Mibac Middelkerke HSE B,4e Prov. Heren West-Vlaanderen A,BVBL25269150WVHSE41ADG,za 31 januari om 19:00,Carrefour Market Blankenberge HSE B,39,34,away,14,Ron Despeghel,32,-9,2,8,0p,8p,0p,0.30,-0.30
Mibac Middelkerke,Mibac Middelkerke HSE B,4e Prov. Heren West-Vlaanderen A,BVBL25269150WVHSE41ADG,za 31 januari om 19:00,Carrefour Market Blankenberge HSE B,39,34,away,15,Ayrton Maes,18,-10,1,0,0p,0p,0p,0.00,-0.60
Mibac Middelkerke,Mibac Middelkerke HSE B,4e Prov. Heren West-Vlaanderen A,BVBL25269150WVHSE41ADG,za 31 januari om 19:00,Carrefour Market Blankenberge HSE B,39,34,away,17,Ruben Weyne,10,5,2,0,0p,0p,0p,0.00,0.50
Mibac Middelkerke,Mibac Middelkerke HSE B,4e Prov. Heren West-Vlaanderen A,BVBL25269150WVHSE41AGE,vr 6 februari om 21:30,BC Digiresto Knokke-Heist HSE B,67,50,home,4,Tobian Bessem,16,5,3,2,0p,2p,0p,0.10,0.30
Mibac Middelkerke,Mibac Middelkerke HSE B,4e Prov. Heren West-Vlaanderen A,BVBL25269150WVHSE41AGE,vr 6 februari om 21:30,BC Digiresto Knokke-Heist HSE B,67,50,home,5,Loïc Dekuyper,21,17,3,10,6p,4p,0p,0.50,0.80
Mibac Middelkerke,Mibac Middelkerke HSE B,4e Prov. Heren West-Vlaanderen A,BVBL25269150WVHSE41AGE,vr 6 februari om 21:30,BC Digiresto Knokke-Heist HSE B,67,50,home,6,Aaron Germonprez,23,12,4,3,3p,0p,0p,0.10,0.50
Mibac Middelkerke,Mibac Middelkerke HSE B,4e Prov. Heren West-Vlaanderen A,BVBL25269150WVHSE41AGE,vr 6 februari om 21:30,BC Digiresto Knokke-Heist HSE B,67,50,home,7,Louka Verleye,15,6,0,7,0p,6p,1p,0.50,0.40
Mibac Middelkerke,Mibac Middelkerke HSE B,4e Prov. Heren West-Vlaanderen A,BVBL25269150WVHSE41AGE,vr 6 februari om 21:30,BC Digiresto Knokke-Heist HSE B,67,50,home,8,Maxim Deckmyn,13,6,2,3,0p,2p,1p,0.20,0.50
Mibac Middelkerke,Mibac Middelkerke HSE B,4e Prov. Heren West-Vlaanderen A,BVBL25269150WVHSE41AGE,vr 6 februari om 21:30,BC Digiresto Knokke-Heist HSE B,67,50,home,10,Julien Vandenheede,12,5,1,0,0p,0p,0p,0.00,0.40
Mibac Middelkerke,Mibac Middelkerke HSE B,4e Prov. Heren West-Vlaanderen A,BVBL25269150WVHSE41AGE,vr 6 februari om 21:30,BC Digiresto Knokke-Heist HSE B,67,50,home,11,Yonith Delanghe,15,-5,3,5,3p,2p,0p,0.30,-0.30
Mibac Middelkerke,Mibac Middelkerke HSE B,4e Prov. Heren West-Vlaanderen A,BVBL25269150WVHSE41AGE,vr 6 februari om 21:30,BC Digiresto Knokke-Heist HSE B,67,50,home,12,Gustave Vandenheede,12,-6,1,0,0p,0p,0p,0.00,-0.50
Mibac Middelkerke,Mibac Middelkerke HSE B,4e Prov. Heren West-Vlaanderen A,BVBL25269150WVHSE41AGE,vr 6 februari om 21:30,BC Digiresto Knokke-Heist HSE B,67,50,home,13,Robin De Zaeyer,19,22,3,10,3p,6p,1p,0.50,1.20
Mibac Middelkerke,Mibac Middelkerke HSE B,4e Prov. Heren West-Vlaanderen A,BVBL25269150WVHSE41AGE,vr 6 februari om 21:30,BC Digiresto Knokke-Heist HSE B,67,50,home,14,Ron Despeghel,29,21,1,27,6p,20p,1p,0.90,0.70
Mibac Middelkerke,Mibac Middelkerke HSE B,4e Prov. Heren West-Vlaanderen A,BVBL25269150WVHSE41AGE,vr 6 februari om 21:30,BC Digiresto Knokke-Heist HSE B,67,50,home,15,Ayrton Maes,13,8,0,0,0p,0p,0p,0.00,0.60
Mibac Middelkerke,Mibac Middelkerke HSE B,4e Prov. Heren West-Vlaanderen A,BVBL25269150WVHSE41AGE,vr 6 februari om 21:30,BC Digiresto Knokke-Heist HSE B,67,50,home,17,Ruben Weyne,12,-6,2,0,0p,0p,0p,0.00,-0.50
Mibac Middelkerke,Mibac Middelkerke HSE B,4e Prov. Heren West-Vlaanderen A,BVBL25269150WVHSE41AGI,vr 13 februari om 21:30,BBC Koksijde HSE R,66,57,home,4,Tobian Bessem,29,16,1,8,3p,4p,1p,0.30,0.60
Mibac Middelkerke,Mibac Middelkerke HSE B,4e Prov. Heren West-Vlaanderen A,BVBL25269150WVHSE41AGI,vr 13 februari om 21:30,BBC Koksijde HSE R,66,57,home,5,Loïc Dekuyper,29,14,4,13,9p,4p,0p,0.40,0.50
Mibac Middelkerke,Mibac Middelkerke HSE B,4e Prov. Heren West-Vlaanderen A,BVBL25269150WVHSE41AGI,vr 13 februari om 21:30,BBC Koksijde HSE R,66,57,home,6,Aaron Germonprez,11,-7,5,2,0p,2p,0p,0.20,-0.60
Mibac Middelkerke,Mibac Middelkerke HSE B,4e Prov. Heren West-Vlaanderen A,BVBL25269150WVHSE41AGI,vr 13 februari om 21:30,BBC Koksijde HSE R,66,57,home,7,Louka Verleye,19,8,3,2,0p,2p,0p,0.10,0.40
Mibac Middelkerke,Mibac Middelkerke HSE B,4e Prov. Heren West-Vlaanderen A,BVBL25269150WVHSE41AGI,vr 13 februari om 21:30,BBC Koksijde HSE R,66,57,home,11,Yonith Delanghe,22,5,0,2,0p,0p,2p,0.10,0.20
Mibac Middelkerke,Mibac Middelkerke HSE B,4e Prov. Heren West-Vlaanderen A,BVBL25269150WVHSE41AGI,vr 13 februari om 21:30,BBC Koksijde HSE R,66,57,home,12,Gustave Vandenheede,8,-3,1,3,0p,0p,3p,0.40,-0.40
Mibac Middelkerke,Mibac Middelkerke HSE B,4e Prov. Heren West-Vlaanderen A,BVBL25269150WVHSE41AGI,vr 13 februari om 21:30,BBC Koksijde HSE R,66,57,home,13,Robin De Zaeyer,21,2,1,4,3p,0p,1p,0.20,0.10
Mibac Middelkerke,Mibac Middelkerke HSE B,4e Prov. Heren West-Vlaanderen A,BVBL25269150WVHSE41AGI,vr 13 februari om 21:30,BBC Koksijde HSE R,66,57,home,14,Ron Despeghel,33,10,3,25,12p,12p,1p,0.80,0.30
Mibac Middelkerke,Mibac Middelkerke HSE B,4e Prov. Heren West-Vlaanderen A,BVBL25269150WVHSE41AGI,vr 13 februari om 21:30,BBC Koksijde HSE R,66,57,home,15,Ayrton Maes,7,-3,2,2,0p,2p,0p,0.30,-0.40
Mibac Middelkerke,Mibac Middelkerke HSE B,4e Prov. Heren West-Vlaanderen A,BVBL25269150WVHSE41AGI,vr 13 februari om 21:30,BBC Koksijde HSE R,66,57,home,17,Ruben Weyne,21,3,3,5,3p,2p,0p,0.20,0.10
Mibac Middelkerke,Mibac Middelkerke HSE B,4e Prov. Heren West-Vlaanderen A,BVBL25269150WVHSE41AAG,za 21 februari om 19:00,A.C.J. Basket Brugge HSE B,44,84,away,4,Tobian Bessem,24,14,1,10,6p,4p,0p,0.40,0.60
Mibac Middelkerke,Mibac Middelkerke HSE B,4e Prov. Heren West-Vlaanderen A,BVBL25269150WVHSE41AAG,za 21 februari om 19:00,A.C.J. Basket Brugge HSE B,44,84,away,5,Loïc Dekuyper,19,12,0,3,3p,0p,0p,0.20,0.60
Mibac Middelkerke,Mibac Middelkerke HSE B,4e Prov. Heren West-Vlaanderen A,BVBL25269150WVHSE41AAG,za 21 februari om 19:00,A.C.J. Basket Brugge HSE B,44,84,away,6,Aaron Germonprez,16,26,0,15,12p,2p,1p,0.90,1.60
Mibac Middelkerke,Mibac Middelkerke HSE B,4e Prov. Heren West-Vlaanderen A,BVBL25269150WVHSE41AAG,za 21 februari om 19:00,A.C.J. Basket Brugge HSE B,44,84,away,7,Louka Verleye,18,12,0,3,0p,2p,1p,0.20,0.70
Mibac Middelkerke,Mibac Middelkerke HSE B,4e Prov. Heren West-Vlaanderen A,BVBL25269150WVHSE41AAG,za 21 februari om 19:00,A.C.J. Basket Brugge HSE B,44,84,away,10,Julien Vandenheede,22,18,2,10,3p,6p,1p,0.50,0.80
Mibac Middelkerke,Mibac Middelkerke HSE B,4e Prov. Heren West-Vlaanderen A,BVBL25269150WVHSE41AAG,za 21 februari om 19:00,A.C.J. Basket Brugge HSE B,44,84,away,11,Yonith Delanghe,19,26,0,4,0p,4p,0p,0.20,1.40
Mibac Middelkerke,Mibac Middelkerke HSE B,4e Prov. Heren West-Vlaanderen A,BVBL25269150WVHSE41AAG,za 21 februari om 19:00,A.C.J. Basket Brugge HSE B,44,84,away,12,Gustave Vandenheede,22,28,2,8,0p,8p,0p,0.40,1.30
Mibac Middelkerke,Mibac Middelkerke HSE B,4e Prov. Heren West-Vlaanderen A,BVBL25269150WVHSE41AAG,za 21 februari om 19:00,A.C.J. Basket Brugge HSE B,44,84,away,13,Robin De Zaeyer,19,14,3,6,0p,6p,0p,0.30,0.70
Mibac Middelkerke,Mibac Middelkerke HSE B,4e Prov. Heren West-Vlaanderen A,BVBL25269150WVHSE41AAG,za 21 februari om 19:00,A.C.J. Basket Brugge HSE B,44,84,away,14,Ron Despeghel,18,29,1,15,3p,12p,0p,0.80,1.60
Mibac Middelkerke,Mibac Middelkerke HSE B,4e Prov. Heren West-Vlaanderen A,BVBL25269150WVHSE41AAG,za 21 februari om 19:00,A.C.J. Basket Brugge HSE B,44,84,away,15,Ayrton Maes,2,3,0,0,0p,0p,0p,0.00,1.50
Mibac Middelkerke,Mibac Middelkerke HSE B,4e Prov. Heren West-Vlaanderen A,BVBL25269150WVHSE41AAG,za 21 februari om 19:00,A.C.J. Basket Brugge HSE B,44,84,away,17,Ruben Weyne,19,18,1,10,0p,8p,2p,0.50,0.90
Mibac Middelkerke,Mibac Middelkerke HSE B,4e Prov. Heren West-Vlaanderen A,BVBL25269150WVHSE41AKG,zo 8 maart om 15:45,Red Sharks Koekelare HSE B,57,83,away,4,Tobian Bessem,18,21,2,2,0p,2p,0p,0.10,1.20
Mibac Middelkerke,Mibac Middelkerke HSE B,4e Prov. Heren West-Vlaanderen A,BVBL25269150WVHSE41AKG,zo 8 maart om 15:45,Red Sharks Koekelare HSE B,57,83,away,5,Loïc Dekuyper,26,28,4,20,9p,6p,5p,0.80,1.10
Mibac Middelkerke,Mibac Middelkerke HSE B,4e Prov. Heren West-Vlaanderen A,BVBL25269150WVHSE41AKG,zo 8 maart om 15:45,Red Sharks Koekelare HSE B,57,83,away,6,Aaron Germonprez,22,5,3,0,0p,0p,0p,0.00,0.20
Mibac Middelkerke,Mibac Middelkerke HSE B,4e Prov. Heren West-Vlaanderen A,BVBL25269150WVHSE41AKG,zo 8 maart om 15:45,Red Sharks Koekelare HSE B,57,83,away,7,Louka Verleye,18,5,0,14,0p,10p,4p,0.80,0.30
Mibac Middelkerke,Mibac Middelkerke HSE B,4e Prov. Heren West-Vlaanderen A,BVBL25269150WVHSE41AKG,zo 8 maart om 15:45,Red Sharks Koekelare HSE B,57,83,away,10,Julien Vandenheede,19,5,4,13,6p,6p,1p,0.70,0.30
Mibac Middelkerke,Mibac Middelkerke HSE B,4e Prov. Heren West-Vlaanderen A,BVBL25269150WVHSE41AKG,zo 8 maart om 15:45,Red Sharks Koekelare HSE B,57,83,away,11,Yonith Delanghe,3,-2,0,0,0p,0p,0p,0.00,-0.70
Mibac Middelkerke,Mibac Middelkerke HSE B,4e Prov. Heren West-Vlaanderen A,BVBL25269150WVHSE41AKG,zo 8 maart om 15:45,Red Sharks Koekelare HSE B,57,83,away,12,Gustave Vandenheede,15,-4,4,1,0p,0p,1p,0.10,-0.30
Mibac Middelkerke,Mibac Middelkerke HSE B,4e Prov. Heren West-Vlaanderen A,BVBL25269150WVHSE41AKG,zo 8 maart om 15:45,Red Sharks Koekelare HSE B,57,83,away,13,Robin De Zaeyer,19,23,2,0,0p,0p,0p,0.00,1.20
Mibac Middelkerke,Mibac Middelkerke HSE B,4e Prov. Heren West-Vlaanderen A,BVBL25269150WVHSE41AKG,zo 8 maart om 15:45,Red Sharks Koekelare HSE B,57,83,away,14,Ron Despeghel,30,30,4,18,0p,16p,2p,0.60,1.00
Mibac Middelkerke,Mibac Middelkerke HSE B,4e Prov. Heren West-Vlaanderen A,BVBL25269150WVHSE41AKG,zo 8 maart om 15:45,Red Sharks Koekelare HSE B,57,83,away,17,Ruben Weyne,29,19,2,15,3p,12p,0p,0.50,0.70
Mibac Middelkerke,Mibac Middelkerke HSE B,4e Prov. Heren West-Vlaanderen A,BVBL25269150WVHSE41AGC,vr 20 maart om 21:30,Kon BBC De Panne vzw HSE A,74,66,home,4,Tobian Bessem,22,20,1,6,3p,2p,1p,0.30,0.90
Mibac Middelkerke,Mibac Middelkerke HSE B,4e Prov. Heren West-Vlaanderen A,BVBL25269150WVHSE41AGC,vr 20 maart om 21:30,Kon BBC De Panne vzw HSE A,74,66,home,5,Loïc Dekuyper,29,10,2,26,15p,10p,1p,0.90,0.30
Mibac Middelkerke,Mibac Middelkerke HSE B,4e Prov. Heren West-Vlaanderen A,BVBL25269150WVHSE41AGC,vr 20 maart om 21:30,Kon BBC De Panne vzw HSE A,74,66,home,6,Aaron Germonprez,18,-12,2,7,3p,4p,0p,0.40,-0.70
Mibac Middelkerke,Mibac Middelkerke HSE B,4e Prov. Heren West-Vlaanderen A,BVBL25269150WVHSE41AGC,vr 20 maart om 21:30,Kon BBC De Panne vzw HSE A,74,66,home,7,Louka Verleye,21,6,0,0,0p,0p,0p,0.00,0.30
Mibac Middelkerke,Mibac Middelkerke HSE B,4e Prov. Heren West-Vlaanderen A,BVBL25269150WVHSE41AGC,vr 20 maart om 21:30,Kon BBC De Panne vzw HSE A,74,66,home,9,Julien Vandenheede,17,5,3,3,3p,0p,0p,0.20,0.30
Mibac Middelkerke,Mibac Middelkerke HSE B,4e Prov. Heren West-Vlaanderen A,BVBL25269150WVHSE41AGC,vr 20 maart om 21:30,Kon BBC De Panne vzw HSE A,74,66,home,10,Lei Despeghel,,0,0,0,0p,0p,0p,,
Mibac Middelkerke,Mibac Middelkerke HSE B,4e Prov. Heren West-Vlaanderen A,BVBL25269150WVHSE41AGC,vr 20 maart om 21:30,Kon BBC De Panne vzw HSE A,74,66,home,11,Yonith Delanghe,13,-14,2,0,0p,0p,0p,0.00,-1.10
Mibac Middelkerke,Mibac Middelkerke HSE B,4e Prov. Heren West-Vlaanderen A,BVBL25269150WVHSE41AGC,vr 20 maart om 21:30,Kon BBC De Panne vzw HSE A,74,66,home,12,Gustave Vandenheede,5,-9,0,2,0p,2p,0p,0.40,-1.80
Mibac Middelkerke,Mibac Middelkerke HSE B,4e Prov. Heren West-Vlaanderen A,BVBL25269150WVHSE41AGC,vr 20 maart om 21:30,Kon BBC De Panne vzw HSE A,74,66,home,13,Robin De Zaeyer,16,24,2,3,0p,2p,1p,0.20,1.50
Mibac Middelkerke,Mibac Middelkerke HSE B,4e Prov. Heren West-Vlaanderen A,BVBL25269150WVHSE41AGC,vr 20 maart om 21:30,Kon BBC De Panne vzw HSE A,74,66,home,14,Ron Despeghel,38,10,2,25,9p,14p,2p,0.70,0.30
Mibac Middelkerke,Mibac Middelkerke HSE B,4e Prov. Heren West-Vlaanderen A,BVBL25269150WVHSE41AGC,vr 20 maart om 21:30,Kon BBC De Panne vzw HSE A,74,66,home,15,Ayrton Maes,4,-3,1,2,0p,2p,0p,0.50,-0.70
Mibac Middelkerke,Mibac Middelkerke HSE B,4e Prov. Heren West-Vlaanderen A,BVBL25269150WVHSE41AGC,vr 20 maart om 21:30,Kon BBC De Panne vzw HSE A,74,66,home,17,Ruben Weyne,18,3,3,0,0p,0p,0p,0.00,0.20
Mibac Middelkerke,Mibac Middelkerke HSE B,4e Prov. Heren West-Vlaanderen A,BVBL25269150WVHSE41ALG,wo 1 april om 22:30,BT Kortemark HSE A,55,91,away,4,Tobian Bessem,33,30,2,7,3p,4p,0p,0.20,0.90
Mibac Middelkerke,Mibac Middelkerke HSE B,4e Prov. Heren West-Vlaanderen A,BVBL25269150WVHSE41ALG,wo 1 april om 22:30,BT Kortemark HSE A,55,91,away,5,Loïc Dekuyper,23,27,0,33,9p,22p,2p,1.40,1.20
Mibac Middelkerke,Mibac Middelkerke HSE B,4e Prov. Heren West-Vlaanderen A,BVBL25269150WVHSE41ALG,wo 1 april om 22:30,BT Kortemark HSE A,55,91,away,6,Aaron Germonprez,21,25,2,4,0p,2p,2p,0.20,1.20
Mibac Middelkerke,Mibac Middelkerke HSE B,4e Prov. Heren West-Vlaanderen A,BVBL25269150WVHSE41ALG,wo 1 april om 22:30,BT Kortemark HSE A,55,91,away,7,Louka Verleye,23,25,1,6,0p,6p,0p,0.30,1.10
Mibac Middelkerke,Mibac Middelkerke HSE B,4e Prov. Heren West-Vlaanderen A,BVBL25269150WVHSE41ALG,wo 1 april om 22:30,BT Kortemark HSE A,55,91,away,11,Yonith Delanghe,20,1,0,4,0p,4p,0p,0.20,0.10
Mibac Middelkerke,Mibac Middelkerke HSE B,4e Prov. Heren West-Vlaanderen A,BVBL25269150WVHSE41ALG,wo 1 april om 22:30,BT Kortemark HSE A,55,91,away,13,Robin De Zaeyer,22,25,2,10,3p,4p,3p,0.50,1.10
Mibac Middelkerke,Mibac Middelkerke HSE B,4e Prov. Heren West-Vlaanderen A,BVBL25269150WVHSE41ALG,wo 1 april om 22:30,BT Kortemark HSE A,55,91,away,14,Ron Despeghel,22,13,1,6,0p,6p,0p,0.30,0.60
Mibac Middelkerke,Mibac Middelkerke HSE B,4e Prov. Heren West-Vlaanderen A,BVBL25269150WVHSE41ALG,wo 1 april om 22:30,BT Kortemark HSE A,55,91,away,15,Ayrton Maes,13,6,1,13,0p,10p,3p,1.00,0.50
Mibac Middelkerke,Mibac Middelkerke HSE B,4e Prov. Heren West-Vlaanderen A,BVBL25269150WVHSE41ALG,wo 1 april om 22:30,BT Kortemark HSE A,55,91,away,17,Ruben Weyne,21,28,2,8,0p,8p,0p,0.40,1.30
