guid,wedID,tTGUID,tTNaam,tTKleur,tUGUID,tUNaam,tUKleur,datumString,jsDTCode,accGUID,accNaam,pouleGUID,pouleNaam,uitslag,beginTijd,wedOff
BVBL25261037OR00040501,OR0004050101,BVBL1037HSE  1,BBC Haantjes Certifisc Oudenaarde HSE A,#ffff00,BVBL1048HSE  1,Blue Rocks Ronse-Kluisbergen HSE A,#000080,07-08-2025,1754596800000,BVBL100343,Rode Los,BVBL25261037OR000405,BBC Haantjes Oudenaarde OEFEN, 61- 55,20.00,"['Patrick Van Herzele', 'Johan Meirlaen']"
BVBL25261034OR00032004,OR0003200401,BVBL1034DSE  4,G&V Breakpoint Basket Waregem DSE D,#ff0000,BVBL1037DSE  1,BBC Haantjes Certifisc Oudenaarde DSE A,#ffff00,09-08-2025,1754760600000,BVBL100240,De Treffer (Stedelijke Sporthal),BVBL25261034OR000320,Koninklijk Basket Team ION Waregem OEFEN, 61- 76,17.30,"['Geert Rigolle', 'Franky Ledoux']"
BVBL25269100BLAHSEPGCD,BLAHSEPGCD01,BVBL1189HSE  2,Oxaco BBC Boechout HSE B,#00ff00,BVBL1037HSE  1,BBC Haantjes Certifisc Oudenaarde HSE A,#ffff00,09-08-2025,1754764200000,BVBL600005,Sportpark Sneppenbos,BVBL25269100BLAHSEPG,Beker van Vlaanderen Heren Poule G, 81- 74,18.30,"['Vincent Villé', 'Evgeny Sankin']"
BVBL25261037OR00040503,OR0004050301,BVBL1037HSE  1,BBC Haantjes Certifisc Oudenaarde HSE A,#ffff00,BVBL1276HSE  1,Midwest All-in Garden Tielt HSE A,#000000,10-08-2025,1754845200000,BVBL100343,Rode Los,BVBL25261037OR000405,BBC Haantjes Oudenaarde OEFEN, 85- 56,17.00,"['Christophe Debommarez', 'Ferre Rigolle']"
BVBL25261037OR00040514,OR0004051401,BVBL1037DSE  1,BBC Haantjes Certifisc Oudenaarde DSE A,#ffff00,BVBL1326DSE  2,DBC Osiris Okapi Aalst DSE B,#0000ff,13-08-2025,1755117000000,BVBL100343,Rode Los,BVBL25261037OR000405,BBC Haantjes Oudenaarde OEFEN, 28- 60,20.30,"['Cedric De Weirt', 'Peter Rogiest']"
BVBL25261180OR00145016,OR0014501601,BVBL1161HSE  1,KBBC Bavi Gent HSE A,#0000ff,BVBL1037HSE  1,BBC Haantjes Certifisc Oudenaarde HSE A,#ffff00,15-08-2025,1755270000000,BVBL100311,Sporthal Flabbaert,BVBL25261180OR001450,Jumbo Elektrooghe Gembas Knesselare OEFEN, 63- 69,15.00,"['Christophe Debommarez', 'Pieter Eykelberg']"
BVBL25269100BLAHSEPGDA,BLAHSEPGDA05,BVBL1037HSE  1,BBC Haantjes Certifisc Oudenaarde HSE A,#ffff00,BVBL1125HSE  3,Stella Artois Leuven Bears HSE C,#000000,17-08-2025,1755450000000,BVBL100343,Rode Los,BVBL25269100BLAHSEPG,Beker van Vlaanderen Heren Poule G, 96- 77,17.00,"[""Yaroslav Ollev'ye"", 'Tom Versaevel']"
BVBL25261289OR00208911,OR0020891101,BVBL1289DSE  1,BBC Wildcats Gavere DSE A,#ffa500,BVBL1037DSE  1,BBC Haantjes Certifisc Oudenaarde DSE A,#ffff00,21-08-2025,1755806400000,BVBL660103,Scaldis Gavere,BVBL25261289OR002089,Wildcats Gavere OEFEN,,20.00,"['Tom Goeteyn', 'Aaron Geenens']"
BVBL25269100BLAG14PCAB,BLAG14PCAB01,BVBL1037G14  1,BBC Haantjes Certifisc Oudenaarde G14 A,#ffff00,BVBL1414G14  1,Amon Jeugd Gentson G14 A,#ff0000,23-08-2025,1755952200000,BVBL100343,Rode Los,BVBL25269100BLAG14PC,Beker van Vlaanderen U14 Poule C,,12.30,"['Patrick Van Herzele', 'Michiel Niemegeers']"
BVBL25269100BLAJ16PBAB,BLAJ16PBAB01,BVBL1037J16  1,BBC Haantjes Certifisc Oudenaarde J16 A,#ffff00,BVBL1024J16  1,Okapi Aalst J16 A,#0000ff,23-08-2025,1755968400000,BVBL100343,Rode Los,BVBL25269100BLAJ16PB,Beker van Vlaanderen U16 Poule B,,17.00,"['Dieter Blomme', 'Tom Van Wassenbergh']"
BVBL25269100BLAJ18PNAB,BLAJ18PNAB01,BVBL1037J18  1,BBC Haantjes Certifisc Oudenaarde J18 A,#ffff00,BVBL1225J18  1,Campinia Dessel-Retie J18 A,#ff0000,23-08-2025,1755960300000,BVBL100343,Rode Los,BVBL25269100BLAJ18PN,Beker van Vlaanderen U18 Poule N,,14.45,"['Patrick Van Herzele', 'Kobe Vanoosthuyse']"
BVBL25261037OR00040506,OR0004050601,BVBL1037DSE  1,BBC Haantjes Certifisc Oudenaarde DSE A,#ffff00,BVBL1551DSE  1,Torhout Lions DSE A,,24-08-2025,1756051200000,BVBL100343,Rode Los,BVBL25261037OR000405,BBC Haantjes Oudenaarde OEFEN,,16.00,"['Daan Van de Velde', 'Dieter Blomme']"
BVBL25269100BLAHSEPGDE,BLAHSEPGDE03,BVBL1037HSE  1,BBC Haantjes Certifisc Oudenaarde HSE A,#ffff00,BVBL1051HSE  2,KBGO Finexa Basket@Sea HSE B,#ffff00,24-08-2025,1756054800000,BVBL100343,Rode Los,BVBL25269100BLAHSEPG,Beker van Vlaanderen Heren Poule G,,17.00,"['Kevin Missinne', 'Aaron De Winne']"
BVBL25261326OR00231704,OR0023170401,BVBL1326DSE  2,DBC Osiris Okapi Aalst DSE B,#0000ff,BVBL1037DSE  1,BBC Haantjes Certifisc Oudenaarde DSE A,#ffff00,28-08-2025,1756414800000,BVBL100281,Forum Aalst,BVBL25261326OR002317,Dbc Osiris Aalst OEFEN,,21.00,"['Patrick Van Herzele', 'Francis Kouemou']"
BVBL25261037OR00040523,OR0004052301,BVBL1037J18  2,BBC Haantjes Certifisc Oudenaarde J18 B,#ffff00,BVBL1093J18  1,Rozenbeka Oostrozebeke J18 A,#ffc845,29-08-2025,1756491600000,BVBL100343,Rode Los,BVBL25261037OR000405,BBC Haantjes Oudenaarde OEFEN,,18.20,"['Ferre Rigolle', 'Geert Rigolle']"
BVBL25261037OR00040504,OR0004050401,BVBL1037DSE  1,BBC Haantjes Certifisc Oudenaarde DSE A,#ffff00,BVBL1218DSE  1,Bobcat Wielsbeke DSE A,#0000ff,30-08-2025,1756577700000,BVBL100343,Rode Los,BVBL25261037OR000405,BBC Haantjes Oudenaarde OEFEN,,18.15,"['Cedric De Weirt', 'Jens Vanwynsberghe']"
BVBL25261037OR00040507,OR0004050701,BVBL1037J18  1,BBC Haantjes Certifisc Oudenaarde J18 A,#ffff00,BVBL1141J18  1,BBC Olympia Denderleeuw J18 A,#00be00,30-08-2025,1756580400000,BVBL100343,Rode Los,BVBL25261037OR000405,BBC Haantjes Oudenaarde OEFEN,,19.00,"['Roland Picavet', 'Luc Defour']"
BVBL25261037OR00040509,OR0004050901,BVBL1037J16  2,BBC Haantjes Certifisc Oudenaarde J16 B,#ffff00,BVBL1227J16  1,Olympos Marke J16 A,#00ff00,30-08-2025,1756573200000,BVBL100343,Rode Los,BVBL25261037OR000405,BBC Haantjes Oudenaarde OEFEN,,17.00,"['Kris Christiaens', 'Pieter-Jan Maes']"
BVBL25261037OR00040510,OR0004051001,BVBL1037M16  1,BBC Haantjes Certifisc Oudenaarde M16 A,#ffff00,BVBL1426M16  2,Basket SKT Ieper M16 B,#0000ff,30-08-2025,1756566000000,BVBL100343,Rode Los,BVBL25261037OR000405,BBC Haantjes Oudenaarde OEFEN,,15.00,"['Kris Christiaens', 'Pieter-Jan Maes']"
BVBL25261037OR00040511,OR0004051101,BVBL1037G12  3,BBC Haantjes Certifisc Oudenaarde G12 C,#ffff00,BVBL1068G12  1,ABO LDP Donza G12 A,#000000,30-08-2025,1756548900000,BVBL100343,Rode Los,BVBL25261037OR000405,BBC Haantjes Oudenaarde OEFEN,,10.15,
BVBL25261037OR00040512,OR0004051201,BVBL1037G12  1,BBC Haantjes Certifisc Oudenaarde G12 A,#ffff00,BVBL1034G12  1,G&V Breakpoint Basket Waregem G12 A,#ff0000,30-08-2025,1756555200000,BVBL100343,Rode Los,BVBL25261037OR000405,BBC Haantjes Oudenaarde OEFEN,,12.00,
BVBL25261037OR00040513,OR0004051301,BVBL1037HSE  1,BBC Haantjes Certifisc Oudenaarde HSE A,#ffff00,BVBL1514xxx000,BGBC Celles HSE,,30-08-2025,1756585800000,BVBL100343,Rode Los,BVBL25261037OR000405,BBC Haantjes Oudenaarde OEFEN,,20.30,"['Cedric De Weirt', 'Jens Van Troye']"
BVBL25261037OR00040515,OR0004051501,BVBL1037G10  2,BBC Haantjes Certifisc Oudenaarde G10 B,#ffff00,BVBL1037G10  3,BBC Haantjes Certifisc Oudenaarde G10 C,#ffff00,30-08-2025,1756542600000,BVBL100343,Rode Los,BVBL25261037OR000405,BBC Haantjes Oudenaarde OEFEN,,08.30,
BVBL25261037OR00040515,OR0004051501,BVBL1037G10  2,BBC Haantjes Certifisc Oudenaarde G10 B,#ffff00,BVBL1037G10  3,BBC Haantjes Certifisc Oudenaarde G10 C,#ffff00,30-08-2025,1756542600000,BVBL100343,Rode Los,BVBL25261037OR000405,BBC Haantjes Oudenaarde OEFEN,,08.30,
BVBL25261037OR00040516,OR0004051601,BVBL1037G08  1,BBC Haantjes Certifisc Oudenaarde G08 A,#ffff00,BVBL1037G08  2,BBC Haantjes Certifisc Oudenaarde G08 B,#ffff00,30-08-2025,1756548000000,BVBL100343,Rode Los,BVBL25261037OR000405,BBC Haantjes Oudenaarde OEFEN,,10.00,
BVBL25261037OR00040516,OR0004051601,BVBL1037G08  1,BBC Haantjes Certifisc Oudenaarde G08 A,#ffff00,BVBL1037G08  2,BBC Haantjes Certifisc Oudenaarde G08 B,#ffff00,30-08-2025,1756548000000,BVBL100343,Rode Los,BVBL25261037OR000405,BBC Haantjes Oudenaarde OEFEN,,10.00,
BVBL25261037OR00040517,OR0004051701,BVBL1037M14  1,BBC Haantjes Certifisc Oudenaarde M14 A,#ffff00,BVBL1037G14  2,BBC Haantjes Certifisc Oudenaarde G14 B,#ffff00,30-08-2025,1756542600000,BVBL100343,Rode Los,BVBL25261037OR000405,BBC Haantjes Oudenaarde OEFEN,,08.30,"['Patrick Van Herzele', 'Ben Van Wetter']"
BVBL25261037OR00040517,OR0004051701,BVBL1037M14  1,BBC Haantjes Certifisc Oudenaarde M14 A,#ffff00,BVBL1037G14  2,BBC Haantjes Certifisc Oudenaarde G14 B,#ffff00,30-08-2025,1756542600000,BVBL100343,Rode Los,BVBL25261037OR000405,BBC Haantjes Oudenaarde OEFEN,,08.30,"['Patrick Van Herzele', 'Ben Van Wetter']"
BVBL25261037OR00040518,OR0004051801,BVBL1037G10  1,BBC Haantjes Certifisc Oudenaarde G10 A,#ffff00,BVBL1034G10  2,G&V Breakpoint Basket Waregem G10 B,#ff0000,30-08-2025,1756553400000,BVBL100343,Rode Los,BVBL25261037OR000405,BBC Haantjes Oudenaarde OEFEN,,11.30,
BVBL25261037OR00040519,OR0004051901,BVBL1037HSE  3,BBC Haantjes Certifisc Oudenaarde HSE C,#ffff00,BVBL1037J18  2,BBC Haantjes Certifisc Oudenaarde J18 B,#ffff00,30-08-2025,1756569600000,BVBL100343,Rode Los,BVBL25261037OR000405,BBC Haantjes Oudenaarde OEFEN,,16.00,"['Grégory Alongi', 'Jens Vanwynsberghe']"
BVBL25261037OR00040519,OR0004051901,BVBL1037HSE  3,BBC Haantjes Certifisc Oudenaarde HSE C,#ffff00,BVBL1037J18  2,BBC Haantjes Certifisc Oudenaarde J18 B,#ffff00,30-08-2025,1756569600000,BVBL100343,Rode Los,BVBL25261037OR000405,BBC Haantjes Oudenaarde OEFEN,,16.00,"['Grégory Alongi', 'Jens Vanwynsberghe']"
BVBL25261037OR00040521,OR0004052101,BVBL1037M19  1,BBC Haantjes Certifisc Oudenaarde M19 A,#ffff00,BVBL1048M19  1,Blue Rocks Ronse-Kluisbergen M19 A,#ff8000,30-08-2025,1756562400000,BVBL100343,Rode Los,BVBL25261037OR000405,BBC Haantjes Oudenaarde OEFEN,,14.00,"['Xavier Bernard', 'Davy Rogge']"
BVBL25261037OR00040522,OR0004052201,BVBL1037G12  2,BBC Haantjes Certifisc Oudenaarde G12 B,#ffff00,BVBL1441G12  1,Koninklijke Basket Avelgem G12 A,#ffff00,30-08-2025,1756559700000,BVBL100343,Rode Los,BVBL25261037OR000405,BBC Haantjes Oudenaarde OEFEN,,13.15,
BVBL25269100BLAJ16PBDA,BLAJ16PBDA02,BVBL1465J16  1,Hubo Limburg United J16 A,#ffffff,BVBL1037J16  1,BBC Haantjes Certifisc Oudenaarde J16 A,#ffff00,30-08-2025,1756557000000,BVBL100610,Alverberg,BVBL25269100BLAJ16PB,Beker van Vlaanderen U16 Poule B,,12.30,"['Davy Put', 'David Van Lishout']"
BVBL25269100BLAG14PCDA,BLAG14PCDA02,BVBL1125G14  1,Stella Artois Leuven Bears G14 A,#000000,BVBL1037G14  1,BBC Haantjes Certifisc Oudenaarde G14 A,#ffff00,31-08-2025,1756638000000,BVBL100669,Stedelijke Sportzaal Wilsele Centrum,BVBL25269100BLAG14PC,Beker van Vlaanderen U14 Poule C,,11.00,
BVBL25269130BOVHSEVR03,BOVHSEVR0301,BVBL1404HSE  1,BBC Hotshots Destelbergen HSE A,#5f021f,BVBL1037HSE  2,BBC Haantjes Certifisc Oudenaarde HSE B,#ffff00,31-08-2025,1756638000000,BVBL500413,Sporthal Bergenmeers,BVBL25269130BOVHSEVR,Beker van Oost-Vlaanderen Heren Voorronde,,11.00,
BVBL25261037OR00040505,OR0004050501,BVBL1037HSE  2,BBC Haantjes Certifisc Oudenaarde HSE B,#ffff00,BVBL1048HSE  2,Blue Rocks Ronse-Kluisbergen HSE B,#ff8c00,06-09-2025,1757187000000,BVBL100343,Rode Los,BVBL25261037OR000405,BBC Haantjes Oudenaarde OEFEN,,19.30,
BVBL25261037OR00040520,OR0004052001,BVBL1037G12  3,BBC Haantjes Certifisc Oudenaarde G12 C,#ffff00,BVBL1068G12  2,ABO LDP Donza G12 B,#000000,06-09-2025,1757152800000,BVBL100343,Rode Los,BVBL25261037OR000405,BBC Haantjes Oudenaarde OEFEN,,10.00,
BVBL25261257OR00189602,OR0018960201,BVBL1257DSE  1,BC Grimbergen DSE A,#ffff00,BVBL1037DSE  1,BBC Haantjes Certifisc Oudenaarde DSE A,#ffff00,06-09-2025,1757190600000,BVBL100200,Sporthal Borgt,BVBL25261257OR001896,BC Grimbergen OEFEN,,20.30,
BVBL25269100BLAG14PCAC,BLAG14PCAC03,BVBL1037G14  1,BBC Haantjes Certifisc Oudenaarde G14 A,#ffff00,BVBL1449G14  1,Bavi Vilvoorde G14 A,#ffa500,06-09-2025,1757165400000,BVBL100343,Rode Los,BVBL25269100BLAG14PC,Beker van Vlaanderen U14 Poule C,,13.30,
BVBL25269100BLAHSEPGBD,BLAHSEPGBD04,BVBL1102HSE  1,Geranimo Bornem Basket HSE A,#ffffff,BVBL1037HSE  1,BBC Haantjes Certifisc Oudenaarde HSE A,#ffff00,06-09-2025,1757189700000,BVBL100381,Sporthal Breeven,BVBL25269100BLAHSEPG,Beker van Vlaanderen Heren Poule G,,20.15,
BVBL25269100BLAJ16PBAC,BLAJ16PBAC03,BVBL1037J16  1,BBC Haantjes Certifisc Oudenaarde J16 A,#ffff00,BVBL1092J16  1,Basket Malle J16 A,#0000ff,06-09-2025,1757169900000,BVBL100343,Rode Los,BVBL25269100BLAJ16PB,Beker van Vlaanderen U16 Poule B,,14.45,
BVBL25269100BLAJ18PNAC,BLAJ18PNAC03,BVBL1037J18  1,BBC Haantjes Certifisc Oudenaarde J18 A,#ffff00,BVBL1505J18  1,Phantoms Basket Boom J18 A,#ffffff,06-09-2025,1757178000000,BVBL100343,Rode Los,BVBL25269100BLAJ18PN,Beker van Vlaanderen U18 Poule N,,17.00,
BVBL25269130BOVG121609,BOVG12160901,BVBL1037G12  1,BBC Haantjes Certifisc Oudenaarde G12 A,#ffff00,BVBL1123G12  1,BC Black Boys Erpe-Mere G12 A,#000000,06-09-2025,1757161800000,BVBL100343,Rode Los,BVBL25269130BOVG1216,Beker van Oost-Vlaanderen U12 Gemengd 1/16 Finale,,12.30,
BVBL25269130BOVJ161601,BOVJ16160101,BVBL1161J16  2,KBBC Bavi Gent J16 B,#0000ff,BVBL1037J16  2,BBC Haantjes Certifisc Oudenaarde J16 B,#ffff00,06-09-2025,1757172600000,BVBL100305,Sporthal Neptunus,BVBL25269130BOVJ1616,Beker van Oost-Vlaanderen U16 Jongens 1/16 Finale,,15.30,
BVBL25261037OR00040502,OR0004050201,BVBL1037DSE  1,BBC Haantjes Certifisc Oudenaarde DSE A,#ffff00,BVBL1034DSE  4,G&V Breakpoint Basket Waregem DSE D,#ff0000,07-09-2025,1757264400000,BVBL100343,Rode Los,BVBL25261037OR000405,BBC Haantjes Oudenaarde OEFEN,,17.00,
BVBL25261037OR00040508,OR0004050801,BVBL1037J18  1,BBC Haantjes Certifisc Oudenaarde J18 A,#ffff00,BVBL1070J18  1,KBBC Wezen-Vrienden Geraardsbergen J18 A,#ff0000,07-09-2025,1757250000000,BVBL100343,Rode Los,BVBL25261037OR000405,BBC Haantjes Oudenaarde OEFEN,,13.00,
BVBL25269130BOVG141609,BOVG14160901,BVBL1343G14  1,Basket Meetjesland G14 A,#000000,BVBL1037G14  2,BBC Haantjes Certifisc Oudenaarde G14 B,#ffff00,07-09-2025,1757244600000,BVBL100331,Sporthal Kaprijke Berkakker,BVBL25269130BOVG1416,Beker van Oost-Vlaanderen U14 Gemengd 1/16 Finale ,,11.30,
BVBL25269130BOVM140803,BOVM14080301,BVBL1037M14  1,BBC Haantjes Certifisc Oudenaarde M14 A,#ffff00,BVBL1029M14  1,Koninklijke Sint-Niklase Condors M14 A,#ffff00,07-09-2025,1757256300000,BVBL100343,Rode Los,BVBL25269130BOVM1408,Beker van Oost-Vlaanderen U14 Meisjes 1/8 Finale,,14.45,
BVBL25269130BOVM160802,BOVM16080201,BVBL1037M16  1,BBC Haantjes Certifisc Oudenaarde M16 A,#ffff00,BVBL1460M16  1,Erembodegem Silverbacks M16 A,#000000,07-09-2025,1757248200000,BVBL100343,Rode Los,BVBL25269130BOVM1608,Beker van Oost-Vlaanderen U16 Meisjes 1/8 Finale,,12.30,
BVBL25261037OR00040524,OR0004052401,BVBL1037DSE  1,BBC Haantjes Certifisc Oudenaarde DSE A,#ffff00,BVBL1426DSE  2,Basket SKT Ieper DSE B,#0000ff,13-09-2025,1757786400000,BVBL100343,Rode Los,BVBL25261037OR000405,BBC Haantjes Oudenaarde OEFEN,,18.00,
BVBL25269130OVHSE11ABD,OVHSE11ABD01,BVBL1234HSE  1,Royal Tigers Evergem HSE A,#ff0000,BVBL1037HSE  1,BBC Haantjes Certifisc Oudenaarde HSE A,#ffff00,13-09-2025,1757795400000,BVBL500005,Gemeentelijke Sporthal Evergem,BVBL25269130OVHSE11A,1e Prov. Heren Oost-Vlaanderen,,20.30,
BVBL25269130OVHSE31BCA,OVHSE31BCA01,BVBL1037HSE  2,BBC Haantjes Certifisc Oudenaarde HSE B,#ffff00,BVBL1404HSE  2,BBC Hotshots Destelbergen HSE B,#0000ff,13-09-2025,1757794500000,BVBL100343,Rode Los,BVBL25269130OVHSE31B,3e Prov. Heren Oost-Vlaanderen B,,20.15,
BVBL25269130OVHSE41BHK,OVHSE41BHK01,BVBL1363HSE  3,BBC Houtem Redwolves HSE C,#ff0000,BVBL1037HSE  3,BBC Haantjes Certifisc Oudenaarde HSE C,#ffff00,13-09-2025,1757786400000,BVBL100290,De Fabriek,BVBL25269130OVHSE41B,4e Prov. Heren Oost-Vlaanderen B,,18.00,
BVBL25269170ING1241ABFE,ING1241ABFE01,BVBL1037G12  1,BBC Haantjes Certifisc Oudenaarde G12 A,#ffff00,BVBL1034G12  2,G&V Breakpoint Basket Waregem G12 B,#ff0000,13-09-2025,1757777400000,BVBL100343,Rode Los,BVBL25269170ING1241AB,U12 Niveau 4 A3,,15.30,
BVBL25269170ING1241AEFE,ING1241AEFE01,BVBL1037G12  3,BBC Haantjes Certifisc Oudenaarde G12 C,#ffff00,BVBL1203G12  1,BC Lede G12 A,#0000ff,13-09-2025,1757754000000,BVBL100343,Rode Los,BVBL25269170ING1241AE,U12 Niveau 4 A6,,09.00,
BVBL25269170ING1241ASFE,ING1241ASFE01,BVBL1037G12  2,BBC Haantjes Certifisc Oudenaarde G12 B,#ffff00,BVBL1218G12  2,Bobcat Wielsbeke G12 B,#0000ff,13-09-2025,1757761200000,BVBL100343,Rode Los,BVBL25269170ING1241AS,U12 Niveau 4 B3,,11.00,
BVBL25269170ING1421BCA,ING1421BCA01,BVBL1037G14  1,BBC Haantjes Certifisc Oudenaarde G14 A,#ffff00,BVBL1127G14  1,House Of Talents Kortrijk Spurs G14 A,#000000,13-09-2025,1757769300000,BVBL100343,Rode Los,BVBL25269170ING1421B,U14 Niveau 2 B,,13.15,
BVBL25269170INJ1821BCA,INJ1821BCA01,BVBL1037J18  1,BBC Haantjes Certifisc Oudenaarde J18 A,#ffff00,BVBL1075J18  1,Koninklijke BBC Oostkamp J18 A,#ff0000,13-09-2025,1757777400000,BVBL100343,Rode Los,BVBL25269170INJ1821B,U18 Niveau 2 B,,15.30,
BVBL25269170INJ1831DFE,INJ1831DFE01,BVBL1037J18  2,BBC Haantjes Certifisc Oudenaarde J18 B,#ffff00,BVBL1414J18  2,Amon Jeugd Gentson J18 B,#ff0000,13-09-2025,1757769300000,BVBL100343,Rode Los,BVBL25269170INJ1831D,U18 Niveau 3 D,,13.15,
BVBL25269170ING1441ACBD,ING1441ACBD01,BVBL1061G14  2,BBC Helios SanoRice Zottegem G14 B,#ffff00,BVBL1037G14  2,BBC Haantjes Certifisc Oudenaarde G14 B,#ffff00,14-09-2025,1757869200000,BVBL500365,Sporthal Bevegemse Vijvers,BVBL25269170ING1441AC,U14 Niveau 4 A4,,17.00,
BVBL25269170INJ1621BCA,INJ1621BCA01,BVBL1037J16  1,BBC Haantjes Certifisc Oudenaarde J16 A,#ffff00,BVBL1042J16  1,BC Lamett Deerlijk-Zwevegem J16 A,#000000,14-09-2025,1757861100000,BVBL100343,Rode Los,BVBL25269170INJ1621B,U16 Niveau 2 B,,14.45,
BVBL25269170INJ1641FFE,INJ1641FFE01,BVBL1289J16  1,BBC Wildcats Gavere J16 A,#ffa500,BVBL1037J16  2,BBC Haantjes Certifisc Oudenaarde J16 B,#ffff00,14-09-2025,1757854800000,BVBL660103,Scaldis Gavere,BVBL25269170INJ1641F,U16 Niveau 4 F,,13.00,
BVBL25269170INM1421BFE,INM1421BFE01,BVBL1127M14  2,House Of Talents Kortrijk Spurs M14 B,#000000,BVBL1037M14  1,BBC Haantjes Certifisc Oudenaarde M14 A,#ffff00,14-09-2025,1757865600000,BVBL500014,Athena Campus 3 Hofsteden,BVBL25269170INM1421B,U14 Meisjes Niveau 2 B,,16.00,
BVBL25269170INM1631CBD,INM1631CBD01,BVBL1037M16  1,BBC Haantjes Certifisc Oudenaarde M16 A,#ffff00,BVBL1123M16  1,BC Black Boys Erpe-Mere M16 A,#000000,14-09-2025,1757853000000,BVBL100343,Rode Los,BVBL25269170INM1631C,U16 Meisjes Niveau 3 C,,12.30,
BVBL25269170INM1921BBD,INM1921BBD01,BVBL1034M19  2,G&V Breakpoint Basket Waregem M19 B,#ff0000,BVBL1037M19  1,BBC Haantjes Certifisc Oudenaarde M19 A,#ffff00,14-09-2025,1757854800000,BVBL100240,De Treffer (Stedelijke Sporthal),BVBL25269170INM1921B,U19 Meisjes Niveau 2 B,,13.00,
BVBL25269130OVDSE11AMC,OVDSE11AMC02,BVBL1142DSE  2,KBBC Sparta Laarne DSE B,#000000,BVBL1037DSE  1,BBC Haantjes Certifisc Oudenaarde DSE A,#ffff00,20-09-2025,1758400200000,BVBL100300,Gemeentelijke Sporthal Laarne,BVBL25269130OVDSE11A,1e Prov. Dames Oost-Vlaanderen ,,20.30,
BVBL25269130OVHSE31BMC,OVHSE31BMC02,BVBL1203HSE  2,BC Lede HSE B,#0000ff,BVBL1037HSE  2,BBC Haantjes Certifisc Oudenaarde HSE B,#ffff00,20-09-2025,1758393000000,BVBL100317,De Ommegang,BVBL25269130OVHSE31B,3e Prov. Heren Oost-Vlaanderen B,,18.30,
BVBL25269130OVHSE41BKJ,OVHSE41BKJ02,BVBL1037HSE  3,BBC Haantjes Certifisc Oudenaarde HSE C,#ffff00,BVBL1070HSE  3,KBBC Wezen-Vrienden Geraardsbergen HSE C,#ff0000,20-09-2025,1758391200000,BVBL100343,Rode Los,BVBL25269130OVHSE41B,4e Prov. Heren Oost-Vlaanderen B,,18.00,
BVBL25269170ING1241AEAF,ING1241AEAF02,BVBL1363G12  2,BBC Houtem Redwolves G12 B,#ff0000,BVBL1037G12  3,BBC Haantjes Certifisc Oudenaarde G12 C,#ffff00,20-09-2025,1758385800000,BVBL100290,De Fabriek,BVBL25269170ING1241AE,U12 Niveau 4 A6,,16.30,
BVBL25269170ING1241ASAF,ING1241ASAF02,BVBL1034G12  3,G&V Breakpoint Basket Waregem G12 C,#ff0000,BVBL1037G12  2,BBC Haantjes Certifisc Oudenaarde G12 B,#ffff00,20-09-2025,1758358800000,BVBL100240,De Treffer (Stedelijke Sporthal),BVBL25269170ING1241AS,U12 Niveau 4 B3,,09.00,
BVBL25269170ING1421BDC,ING1421BDC02,BVBL1522G14  1,Avanti Brugge 2015 G14 A,#ff0000,BVBL1037G14  1,BBC Haantjes Certifisc Oudenaarde G14 A,#ffff00,20-09-2025,1758376800000,BVBL100269,Stamina,BVBL25269170ING1421B,U14 Niveau 2 B,,14.00,
BVBL25269170ING1441ACDC,ING1441ACDC02,BVBL1037G14  2,BBC Haantjes Certifisc Oudenaarde G14 B,#ffff00,BVBL1123G14  1,BC Black Boys Erpe-Mere G14 A,#000000,20-09-2025,1758358800000,BVBL100343,Rode Los,BVBL25269170ING1441AC,U14 Niveau 4 A4,,09.00,
BVBL25269170INJ1621BDC,INJ1621BDC02,BVBL1206J16  1,KBBC Racing Brugge J16 A,#ffff00,BVBL1037J16  1,BBC Haantjes Certifisc Oudenaarde J16 A,#ffff00,20-09-2025,1758375000000,BVBL100098,KTA Brugge,BVBL25269170INJ1621B,U16 Niveau 2 B,,13.30,
BVBL25269170INJ1641FEB,INJ1641FEB02,BVBL1037J16  2,BBC Haantjes Certifisc Oudenaarde J16 B,#ffff00,BVBL1441J16  2,Koninklijke Basket Avelgem J16 B,#ffff00,20-09-2025,1758366000000,BVBL100343,Rode Los,BVBL25269170INJ1641F,U16 Niveau 4 F,,11.00,
BVBL25269170INJ1821BDC,INJ1821BDC02,BVBL1090J18  1,Wytewa Roeselare J18 A,#0000ff,BVBL1037J18  1,BBC Haantjes Certifisc Oudenaarde J18 A,#ffff00,20-09-2025,1758373200000,BVBL100258,Sporthal Schiervelde,BVBL25269170INJ1821B,U18 Niveau 2 B,,13.00,
BVBL25269170INJ1831DAF,INJ1831DAF02,BVBL1034J18  2,G&V Breakpoint Basket Waregem J18 B,#ff0000,BVBL1037J18  2,BBC Haantjes Certifisc Oudenaarde J18 B,#ffff00,20-09-2025,1758380400000,BVBL100240,De Treffer (Stedelijke Sporthal),BVBL25269170INJ1831D,U18 Niveau 3 D,,15.00,
BVBL25269170INM1631CEB,INM1631CEB02,BVBL1226M16  1,Gent-Oost Eagles M16 A,#000000,BVBL1037M16  1,BBC Haantjes Certifisc Oudenaarde M16 A,#ffff00,20-09-2025,1758380400000,BVBL100319,Eagles HQ,BVBL25269170INM1631C,U16 Meisjes Niveau 3 C,,15.00,
BVBL25269130OVHSE11ADN,OVHSE11ADN02,BVBL1037HSE  1,BBC Haantjes Certifisc Oudenaarde HSE A,#ffff00,BVBL1142HSE  1,KBBC Sparta Laarne HSE A,#ffff00,21-09-2025,1758474000000,BVBL100343,Rode Los,BVBL25269130OVHSE11A,1e Prov. Heren Oost-Vlaanderen,,17.00,
BVBL25269170ING0841BCE,ING0841BCE04,BVBL1034G08  1,G&V Breakpoint Basket Waregem G08 A,#ff0000,BVBL1037G08  1,BBC Haantjes Certifisc Oudenaarde G08 A,#ffff00,21-09-2025,1758445200000,BVBL100240,De Treffer (Stedelijke Sporthal),BVBL25269170ING0841B,U08 Niveau 4 B,,09.00,
BVBL25269170INM1421BEB,INM1421BEB02,BVBL1037M14  1,BBC Haantjes Certifisc Oudenaarde M14 A,#ffff00,BVBL1034M14  2,G&V Breakpoint Basket Waregem M14 B,#ff0000,21-09-2025,1758465900000,BVBL100343,Rode Los,BVBL25269170INM1421B,U14 Meisjes Niveau 2 B,,14.45,
BVBL25269170INM1921BDC,INM1921BDC02,BVBL1037M19  1,BBC Haantjes Certifisc Oudenaarde M19 A,#ffff00,BVBL1127M19  2,House Of Talents Kortrijk Spurs M19 B,#000000,21-09-2025,1758465900000,BVBL100343,Rode Los,BVBL25269170INM1921B,U19 Meisjes Niveau 2 B,,14.45,
BVBL25269130OVHSE31BFC,OVHSE31BFC03,BVBL1141HSE  2,BBC Olympia Denderleeuw HSE B,#00be00,BVBL1037HSE  2,BBC Haantjes Certifisc Oudenaarde HSE B,#ffff00,26-09-2025,1758918600000,BVBL100330,Lecompte,BVBL25269130OVHSE31B,3e Prov. Heren Oost-Vlaanderen B,,20.30,
BVBL25269130OVHSE41BLK,OVHSE41BLK03,BVBL1343HSE  2,Basket Meetjesland HSE B,#000000,BVBL1037HSE  3,BBC Haantjes Certifisc Oudenaarde HSE C,#ffff00,27-09-2025,1759004100000,BVBL100289,Sportpark Eeklo,BVBL25269130OVHSE41B,4e Prov. Heren Oost-Vlaanderen B,,20.15,
BVBL25269170ING0841BDE,ING0841BDE03,BVBL1289G08  1,BBC Wildcats Gavere G08 A,,BVBL1037G08  1,BBC Haantjes Certifisc Oudenaarde G08 A,#ffff00,27-09-2025,1758963600000,BVBL660103,Scaldis Gavere,BVBL25269170ING0841B,U08 Niveau 4 B,,09.00,
BVBL25269170ING1041ABDE,ING1041ABDE03,BVBL1037G10  1,BBC Haantjes Certifisc Oudenaarde G10 A,#ffff00,BVBL1237G10  1,Basket Desselgem G10 A,#0000ff,27-09-2025,1758978900000,BVBL100343,Rode Los,BVBL25269170ING1041AB,U10 Niveau 4 A3,,13.15,
BVBL25269170ING1041AOFC,ING1041AOFC03,BVBL1037G10  2,BBC Haantjes Certifisc Oudenaarde G10 B,#ffff00,BVBL1048G10  1,Blue Rocks Ronse-Kluisbergen G10 A,#000080,27-09-2025,1758963600000,BVBL100343,Rode Los,BVBL25269170ING1041AO,U10 Niveau 4 B5,,09.00,
BVBL25269170ING1041KDE,ING1041KDE03,BVBL1413G10  1,Jeugdbasket Scaldis Zwevegem G10 A,#00ff00,BVBL1037G10  3,BBC Haantjes Certifisc Oudenaarde G10 C,#ffff00,27-09-2025,1758978000000,BVBL100226,Sport-Ontmoetingscentrum Otegem,BVBL25269170ING1041K,U10 Niveau 4 C4,,13.00,
BVBL25269170ING1241ABCF,ING1241ABCF08,BVBL1127G12  4,House Of Talents Kortrijk Spurs G12 D,#000000,BVBL1037G12  1,BBC Haantjes Certifisc Oudenaarde G12 A,#ffff00,27-09-2025,1758974400000,BVBL500014,Athena Campus 3 Hofsteden,BVBL25269170ING1241AB,U12 Niveau 4 A3,,12.00,
BVBL25269170ING1241ASFC,ING1241ASFC03,BVBL1037G12  2,BBC Haantjes Certifisc Oudenaarde G12 B,#ffff00,BVBL1048G12  1,Blue Rocks Ronse-Kluisbergen G12 A,#000080,27-09-2025,1758970800000,BVBL100343,Rode Los,BVBL25269170ING1241AS,U12 Niveau 4 B3,,11.00,
BVBL25269170ING1421BFC,ING1421BFC03,BVBL1034G14  1,G&V Breakpoint Basket Waregem G14 A,#ff0000,BVBL1037G14  1,BBC Haantjes Certifisc Oudenaarde G14 A,#ffff00,27-09-2025,1758985200000,BVBL100240,De Treffer (Stedelijke Sporthal),BVBL25269170ING1421B,U14 Niveau 2 B,,15.00,
BVBL25269170ING1441ACDE,ING1441ACDE03,BVBL1037G14  2,BBC Haantjes Certifisc Oudenaarde G14 B,#ffff00,BVBL1070G14  1,KBBC Wezen-Vrienden Geraardsbergen G14 A,#ff0000,27-09-2025,1758970800000,BVBL100343,Rode Los,BVBL25269170ING1441AC,U14 Niveau 4 A4,,11.00,
BVBL25269170INJ1621BFC,INJ1621BFC03,BVBL1026J16  1,Basket Midwest Izegem J16 A,#000000,BVBL1037J16  1,BBC Haantjes Certifisc Oudenaarde J16 A,#ffff00,27-09-2025,1758987000000,BVBL100236,Sporthal Kachtem,BVBL25269170INJ1621B,U16 Niveau 2 B,,15.30,
BVBL25269170INJ1821BFC,INJ1821BFC03,BVBL1452J18  1,Holstra WINGS Wevelgem-Moorsele J18 A,#000000,BVBL1037J18  1,BBC Haantjes Certifisc Oudenaarde J18 A,#ffff00,27-09-2025,1758985200000,BVBL100268,Evenementenhal De Schelp,BVBL25269170INJ1821B,U18 Niveau 2 B,,15.00,
BVBL25269170INJ1831DFC,INJ1831DFC03,BVBL1037J18  2,BBC Haantjes Certifisc Oudenaarde J18 B,#ffff00,BVBL1093J18  1,Rozenbeka Oostrozebeke J18 A,#ffc845,27-09-2025,1758978900000,BVBL100343,Rode Los,BVBL25269170INJ1831D,U18 Niveau 3 D,,13.15,
BVBL25269130OVHSE11ADE,OVHSE11ADE03,BVBL1037HSE  1,BBC Haantjes Certifisc Oudenaarde HSE A,#ffff00,BVBL1047HSE  1,Koninklijke BBC Scheldejeugd Temse HSE A,#0000ff,28-09-2025,1759078800000,BVBL100343,Rode Los,BVBL25269130OVHSE11A,1e Prov. Heren Oost-Vlaanderen,,17.00,
BVBL25269170ING0841FDE,ING0841FDE03,BVBL1127G08  2,House Of Talents Kortrijk Spurs G08 B,#000000,BVBL1037G08  2,BBC Haantjes Certifisc Oudenaarde G08 B,#ffff00,28-09-2025,1759053600000,BVBL500014,Athena Campus 3 Hofsteden,BVBL25269170ING0841F,U08 Niveau 4 F,,10.00,
BVBL25269170ING1241AEFC,ING1241AEFC03,BVBL1037G12  3,BBC Haantjes Certifisc Oudenaarde G12 C,#ffff00,BVBL1123G12  1,BC Black Boys Erpe-Mere G12 A,#000000,28-09-2025,1759070700000,BVBL100343,Rode Los,BVBL25269170ING1241AE,U12 Niveau 4 A6,,14.45,
BVBL25269170INJ1641FDE,INJ1641FDE03,BVBL1276J16  2,Midwest All-in Garden Tielt J16 B,#000000,BVBL1037J16  2,BBC Haantjes Certifisc Oudenaarde J16 B,#ffff00,28-09-2025,1759057200000,BVBL100156,Stedelijke Sporthal Tielt,BVBL25269170INJ1641F,U16 Niveau 4 F,,11.00,
BVBL25269170INM1631CBA,INM1631CBA03,BVBL1037M16  1,BBC Haantjes Certifisc Oudenaarde M16 A,#ffff00,BVBL1142M16  2,KBBC Sparta Laarne M16 B,#ffff00,28-09-2025,1759062600000,BVBL100343,Rode Los,BVBL25269170INM1631C,U16 Meisjes Niveau 3 C,,12.30,
BVBL25269170INM1921BED,INM1921BED08,BVBL1218M19  1,Bobcat Wielsbeke M19 A,#0000ff,BVBL1037M19  1,BBC Haantjes Certifisc Oudenaarde M19 A,#ffff00,28-09-2025,1759053600000,BVBL100100,De Vlaschaard (Wielsbeke),BVBL25269170INM1921B,U19 Meisjes Niveau 2 B,,10.00,
BVBL25269130OVDSE11AAC,OVDSE11AAC14,BVBL1048DSE  1,Blue Rocks Ronse-Kluisbergen DSE A,#000040,BVBL1037DSE  1,BBC Haantjes Certifisc Oudenaarde DSE A,#ffff00,01-10-2025,1759350600000,BVBL100283,Kluisbos,BVBL25269130OVDSE11A,1e Prov. Dames Oost-Vlaanderen ,,20.30,
BVBL25269130OVDSE11ACH,OVDSE11ACH04,BVBL1037DSE  1,BBC Haantjes Certifisc Oudenaarde DSE A,#ffff00,BVBL1363DSE  2,BBC Houtem Redwolves DSE B,#ff0000,04-10-2025,1759600800000,BVBL100343,Rode Los,BVBL25269130OVDSE11A,1e Prov. Dames Oost-Vlaanderen ,,18.00,
BVBL25269130OVHSE31BCH,OVHSE31BCH04,BVBL1037HSE  2,BBC Haantjes Certifisc Oudenaarde HSE B,#ffff00,BVBL1070HSE  1,KBBC Wezen-Vrienden Geraardsbergen HSE A,#ff0000,04-10-2025,1759608900000,BVBL100343,Rode Los,BVBL25269130OVHSE31B,3e Prov. Heren Oost-Vlaanderen B,,20.15,
BVBL25269170ING0841FCE,ING0841FCE04,BVBL1068G08  1,ABO LDP Donza G08 A,#000000,BVBL1037G08  2,BBC Haantjes Certifisc Oudenaarde G08 B,#ffff00,04-10-2025,1759573800000,BVBL100287,Palaestra,BVBL25269170ING0841F,U08 Niveau 4 F,,10.30,
BVBL25269170ING1041ABAD,ING1041ABAD04,BVBL1127G10  3,House Of Talents Kortrijk Spurs G10 C,#000000,BVBL1037G10  1,BBC Haantjes Certifisc Oudenaarde G10 A,#ffff00,04-10-2025,1759572000000,BVBL500014,Athena Campus 3 Hofsteden,BVBL25269170ING1041AB,U10 Niveau 4 A3,,10.00,
BVBL25269170ING1041AOFB,ING1041AOFB04,BVBL1037G10  2,BBC Haantjes Certifisc Oudenaarde G10 B,#ffff00,BVBL1127G10  4,House Of Talents Kortrijk Spurs G10 D,#000000,04-10-2025,1759568400000,BVBL100343,Rode Los,BVBL25269170ING1041AO,U10 Niveau 4 B5,,09.00,
BVBL25269170ING1241ABFB,ING1241ABFB04,BVBL1037G12  1,BBC Haantjes Certifisc Oudenaarde G12 A,#ffff00,BVBL1068G12  3,ABO LDP Donza G12 C,#000000,04-10-2025,1759575600000,BVBL100343,Rode Los,BVBL25269170ING1241AB,U12 Niveau 4 A3,,11.00,
BVBL25269170ING1241AEFB,ING1241AEFB04,BVBL1037G12  3,BBC Haantjes Certifisc Oudenaarde G12 C,#ffff00,BVBL1024G12  1,Okapi Aalst G12 A,#0000ff,04-10-2025,1759568400000,BVBL100343,Rode Los,BVBL25269170ING1241AE,U12 Niveau 4 A6,,09.00,
BVBL25269170ING1241ASFB,ING1241ASFB04,BVBL1037G12  2,BBC Haantjes Certifisc Oudenaarde G12 B,#ffff00,BVBL1237G12  1,Basket Desselgem G12 A,#0000ff,04-10-2025,1759592700000,BVBL100343,Rode Los,BVBL25269170ING1241AS,U12 Niveau 4 B3,,15.45,
BVBL25269170ING1421BCE,ING1421BCE04,BVBL1037G14  1,BBC Haantjes Certifisc Oudenaarde G14 A,#ffff00,BVBL1180G14  1,Jumbo Elektrooghe Gembas Knesselare G14 A,#ff0000,04-10-2025,1759584600000,BVBL100343,Rode Los,BVBL25269170ING1421B,U14 Niveau 2 B,,13.30,
BVBL25269170ING1441ACAD,ING1441ACAD04,BVBL1203G14  2,BC Lede G14 B,,BVBL1037G14  2,BBC Haantjes Certifisc Oudenaarde G14 B,#ffff00,04-10-2025,1759581000000,BVBL100317,De Ommegang,BVBL25269170ING1441AC,U14 Niveau 4 A4,,12.30,
BVBL25269170INJ1621BCE,INJ1621BCE04,BVBL1037J16  1,BBC Haantjes Certifisc Oudenaarde J16 A,#ffff00,BVBL1068J16  1,ABO LDP Donza J16 A,#000000,04-10-2025,1759592700000,BVBL100343,Rode Los,BVBL25269170INJ1621B,U16 Niveau 2 B,,15.45,
BVBL25269170INJ1641FCE,INJ1641FCE04,BVBL1218J16  2,Bobcat Wielsbeke J16 B,#0000ff,BVBL1037J16  2,BBC Haantjes Certifisc Oudenaarde J16 B,#ffff00,04-10-2025,1759581000000,BVBL100100,De Vlaschaard (Wielsbeke),BVBL25269170INJ1641F,U16 Niveau 4 F,,12.30,
BVBL25269170INJ1821BCE,INJ1821BCE04,BVBL1037J18  1,BBC Haantjes Certifisc Oudenaarde J18 A,#ffff00,BVBL1068J18  1,ABO LDP Donza J18 A,#000000,04-10-2025,1759584600000,BVBL100343,Rode Los,BVBL25269170INJ1821B,U18 Niveau 2 B,,13.30,
BVBL25269170INJ1831DFB,INJ1831DFB04,BVBL1037J18  2,BBC Haantjes Certifisc Oudenaarde J18 B,#ffff00,BVBL1441J18  1,Koninklijke Basket Avelgem J18 A,#ffff00,04-10-2025,1759576500000,BVBL100343,Rode Los,BVBL25269170INJ1831D,U18 Niveau 3 D,,11.15,
BVBL25269170INM1631CFB,INM1631CFB04,BVBL1326M16  2,DBC Osiris Okapi Aalst M16 B,#0000ff,BVBL1037M16  1,BBC Haantjes Certifisc Oudenaarde M16 A,#ffff00,05-10-2025,1759669200000,BVBL500218,TechniGO! campus De Voorstad,BVBL25269170INM1631C,U16 Meisjes Niveau 3 C,,13.00,
BVBL25269170INM1921BAD,INM1921BAD04,BVBL1414M19  2,Amon Jeugd Gentson M19 B,,BVBL1037M19  1,BBC Haantjes Certifisc Oudenaarde M19 A,#ffff00,05-10-2025,1759662000000,BVBL600033,Provinciale Sporthal Henleykaai,BVBL25269170INM1921B,U19 Meisjes Niveau 2 B,,11.00,
BVBL25269130OVHSE11AGD,OVHSE11AGD04,BVBL1446HSE  1,BBC Feniks Futuria Gent HSE A,#ffffff,BVBL1037HSE  1,BBC Haantjes Certifisc Oudenaarde HSE A,#ffff00,09-10-2025,1760041200000,BVBL100307,Hekers,BVBL25269130OVHSE11A,1e Prov. Heren Oost-Vlaanderen,,20.20,
BVBL25269130OVHSE31BJC,OVHSE31BJC05,BVBL1226HSE  4,Gent-Oost Eagles HSE D,#400040,BVBL1037HSE  2,BBC Haantjes Certifisc Oudenaarde HSE B,#ffff00,11-10-2025,1760202000000,BVBL100319,Eagles HQ,BVBL25269130OVHSE31B,3e Prov. Heren Oost-Vlaanderen B,,17.00,
BVBL25269170ING0841BEA,ING0841BEA05,BVBL1037G08  1,BBC Haantjes Certifisc Oudenaarde G08 A,#ffff00,BVBL1042G08  1,BC Lamett Deerlijk-Zwevegem G08 A,#000000,11-10-2025,1760180400000,BVBL100343,Rode Los,BVBL25269170ING0841B,U08 Niveau 4 B,,11.00,
BVBL25269170ING0841FEA,ING0841FEA05,BVBL1037G08  2,BBC Haantjes Certifisc Oudenaarde G08 B,#ffff00,BVBL1237G08  1,Basket Desselgem G08 A,#0000ff,11-10-2025,1760173200000,BVBL100343,Rode Los,BVBL25269170ING0841F,U08 Niveau 4 F,,09.00,
BVBL25269170ING1041ABDF,ING1041ABDF05,BVBL1037G10  1,BBC Haantjes Certifisc Oudenaarde G10 A,#ffff00,BVBL1034G10  3,G&V Breakpoint Basket Waregem G10 C,#ff0000,11-10-2025,1760194800000,BVBL100343,Rode Los,BVBL25269170ING1041AB,U10 Niveau 4 A3,,15.00,
BVBL25269170ING1041AODF,ING1041AODF05,BVBL1289G10  1,BBC Wildcats Gavere G10 A,,BVBL1037G10  2,BBC Haantjes Certifisc Oudenaarde G10 B,#ffff00,11-10-2025,1760180400000,BVBL660103,Scaldis Gavere,BVBL25269170ING1041AO,U10 Niveau 4 B5,,11.00,
BVBL25269170ING1041KEA,ING1041KEA05,BVBL1037G10  3,BBC Haantjes Certifisc Oudenaarde G10 C,#ffff00,BVBL1034G10  5,G&V Breakpoint Basket Waregem G10 E,#ff0000,11-10-2025,1760180400000,BVBL100343,Rode Los,BVBL25269170ING1041K,U10 Niveau 4 C4,,11.00,
BVBL25269170ING1241AEDF,ING1241AEDF05,BVBL1070G12  1,KBBC Wezen-Vrienden Geraardsbergen G12 A,#ff0000,BVBL1037G12  3,BBC Haantjes Certifisc Oudenaarde G12 C,#ffff00,11-10-2025,1760180400000,BVBL500221,De Veldmuis,BVBL25269170ING1241AE,U12 Niveau 4 A6,,11.00,
BVBL25269170ING1241ASFD,ING1241ASFD10,BVBL1037G12  2,BBC Haantjes Certifisc Oudenaarde G12 B,#ffff00,BVBL1413G12  1,Jeugdbasket Scaldis Zwevegem G12 A,#00ff00,11-10-2025,1760173200000,BVBL100343,Rode Los,BVBL25269170ING1241AS,U12 Niveau 4 B3,,09.00,
BVBL25269170ING1421BBC,ING1421BBC05,BVBL1226G14  1,Gent-Oost Eagles G14 A,#000000,BVBL1037G14  1,BBC Haantjes Certifisc Oudenaarde G14 A,#ffff00,11-10-2025,1760187600000,BVBL100319,Eagles HQ,BVBL25269170ING1421B,U14 Niveau 2 B,,13.00,
BVBL25269170ING1441ACDF,ING1441ACDF05,BVBL1037G14  2,BBC Haantjes Certifisc Oudenaarde G14 B,#ffff00,BVBL1460G14  2,Erembodegem Silverbacks G14 B,#000000,11-10-2025,1760189400000,BVBL100343,Rode Los,BVBL25269170ING1441AC,U14 Niveau 4 A4,,13.30,
BVBL25269170INJ1621BBC,INJ1621BBC05,BVBL1075J16  1,Koninklijke BBC Oostkamp J16 A,#ff0000,BVBL1037J16  1,BBC Haantjes Certifisc Oudenaarde J16 A,#ffff00,11-10-2025,1760188500000,BVBL100248,De Valkaart,BVBL25269170INJ1621B,U16 Niveau 2 B,,13.15,
BVBL25269170INJ1641FEA,INJ1641FEA05,BVBL1037J16  2,BBC Haantjes Certifisc Oudenaarde J16 B,#ffff00,BVBL1237J16  1,Basket Desselgem J16 A,#0000ff,11-10-2025,1760187600000,BVBL100343,Rode Los,BVBL25269170INJ1641F,U16 Niveau 4 F,,13.00,
BVBL25269170INJ1821BBC,INJ1821BBC05,BVBL1426J18  1,Basket SKT Ieper J18 A,#0000ff,BVBL1037J18  1,BBC Haantjes Certifisc Oudenaarde J18 A,#ffff00,11-10-2025,1760176800000,BVBL100263,Stedelijke Sporthal 1 Ieper,BVBL25269170INJ1821B,U18 Niveau 2 B,,10.00,
BVBL25269130OVHSE11ADI,OVHSE11ADI05,BVBL1037HSE  1,BBC Haantjes Certifisc Oudenaarde HSE A,#ffff00,BVBL1068HSE  3,ABO LDP Donza HSE C,#000000,12-10-2025,1760288400000,BVBL100343,Rode Los,BVBL25269130OVHSE11A,1e Prov. Heren Oost-Vlaanderen,,17.00,
BVBL25269130OVHSE41BBK,OVHSE41BBK05,BVBL1234HSE  3,Royal Tigers Evergem HSE C,#b51a00,BVBL1037HSE  3,BBC Haantjes Certifisc Oudenaarde HSE C,#ffff00,12-10-2025,1760274000000,BVBL660095,Gemeentelijke Basisschool Evergem,BVBL25269130OVHSE41B,4e Prov. Heren Oost-Vlaanderen B,,13.00,
BVBL25269170ING1241ABDF,ING1241ABDF05,BVBL1218G12  1,Bobcat Wielsbeke G12 A,#0000ff,BVBL1037G12  1,BBC Haantjes Certifisc Oudenaarde G12 A,#ffff00,12-10-2025,1760266800000,BVBL660071,Centrum Hernieuwenburg - NIEUW,BVBL25269170ING1241AB,U12 Niveau 4 A3,,11.00,
BVBL25269170INJ1831DDF,INJ1831DDF05,BVBL1042J18  1,BC Lamett Deerlijk-Zwevegem J18 A,#000000,BVBL1037J18  2,BBC Haantjes Certifisc Oudenaarde J18 B,#ffff00,12-10-2025,1760274000000,BVBL100246,Gaverhal,BVBL25269170INJ1831D,U18 Niveau 3 D,,13.00,
BVBL25269170INM1421BEA,INM1421BEA05,BVBL1037M14  1,BBC Haantjes Certifisc Oudenaarde M14 A,#ffff00,BVBL1363M14  1,BBC Houtem Redwolves M14 A,#ff0000,12-10-2025,1760280300000,BVBL100343,Rode Los,BVBL25269170INM1421B,U14 Meisjes Niveau 2 B,,14.45,
BVBL25269170INM1631CBC,INM1631CBC05,BVBL1037M16  1,BBC Haantjes Certifisc Oudenaarde M16 A,#ffff00,BVBL1414M16  2,Amon Jeugd Gentson M16 B,,12-10-2025,1760272200000,BVBL100343,Rode Los,BVBL25269170INM1631C,U16 Meisjes Niveau 3 C,,12.30,
BVBL25269170INM1921BDF,INM1921BDF05,BVBL1037M19  1,BBC Haantjes Certifisc Oudenaarde M19 A,#ffff00,BVBL1226M19  1,Gent-Oost Eagles M19 A,#000000,12-10-2025,1760280300000,BVBL100343,Rode Los,BVBL25269170INM1921B,U19 Meisjes Niveau 2 B,,14.45,
BVBL25269130OVDSE11ACF,OVDSE11ACF16,BVBL1037DSE  1,BBC Haantjes Certifisc Oudenaarde DSE A,#ffff00,BVBL1414DSE  3,Amon Jeugd Gentson DSE C,#ff0000,16-10-2025,1760646600000,BVBL100343,Rode Los,BVBL25269130OVDSE11A,1e Prov. Dames Oost-Vlaanderen ,,20.30,
BVBL25269130OVHSE11AKD,OVHSE11AKD06,BVBL1029HSE  2,Koninklijke Sint-Niklase Condors HSE B,#ffff00,BVBL1037HSE  1,BBC Haantjes Certifisc Oudenaarde HSE A,#ffff00,18-10-2025,1760810400000,BVBL100294,Sporthal De Witte Molen,BVBL25269130OVHSE11A,1e Prov. Heren Oost-Vlaanderen,,18.00,
BVBL25269130OVHSE31BCN,OVHSE31BCN06,BVBL1037HSE  2,BBC Haantjes Certifisc Oudenaarde HSE B,#ffff00,BVBL1460HSE  1,Erembodegem Silverbacks HSE A,#000000,18-10-2025,1760818500000,BVBL100343,Rode Los,BVBL25269130OVHSE31B,3e Prov. Heren Oost-Vlaanderen B,,20.15,
BVBL25269170ING0841BEF,ING0841BEF06,BVBL1037G08  1,BBC Haantjes Certifisc Oudenaarde G08 A,#ffff00,BVBL1227G08  1,Olympos Marke G08 A,#2bc021,18-10-2025,1760785200000,BVBL100343,Rode Los,BVBL25269170ING0841B,U08 Niveau 4 B,,11.00,
BVBL25269170ING0841FEF,ING0841FEF06,BVBL1037G08  2,BBC Haantjes Certifisc Oudenaarde G08 B,#ffff00,BVBL1034G08  2,G&V Breakpoint Basket Waregem G08 B,#ff0000,18-10-2025,1760778000000,BVBL100343,Rode Los,BVBL25269170ING0841F,U08 Niveau 4 F,,09.00,
BVBL25269170ING1041ABDB,ING1041ABDB06,BVBL1037G10  1,BBC Haantjes Certifisc Oudenaarde G10 A,#ffff00,BVBL1441G10  1,Koninklijke Basket Avelgem G10 A,#ffff00,18-10-2025,1760793300000,BVBL100343,Rode Los,BVBL25269170ING1041AB,U10 Niveau 4 A3,,13.15,
BVBL25269170ING1041KEF,ING1041KEF06,BVBL1037G10  3,BBC Haantjes Certifisc Oudenaarde G10 C,#ffff00,BVBL1127G10  5,House Of Talents Kortrijk Spurs G10 E,#000000,18-10-2025,1760778000000,BVBL100343,Rode Los,BVBL25269170ING1041K,U10 Niveau 4 C4,  1-  1  BFOR,09.00,
BVBL25269170ING1241ABEF,ING1241ABEF06,BVBL1034G12  2,G&V Breakpoint Basket Waregem G12 B,#ff0000,BVBL1037G12  1,BBC Haantjes Certifisc Oudenaarde G12 A,#ffff00,18-10-2025,1760792400000,BVBL100240,De Treffer (Stedelijke Sporthal),BVBL25269170ING1241AB,U12 Niveau 4 A3,,13.00,
BVBL25269170ING1241AEEF,ING1241AEEF06,BVBL1203G12  1,BC Lede G12 A,#0000ff,BVBL1037G12  3,BBC Haantjes Certifisc Oudenaarde G12 C,#ffff00,18-10-2025,1760797800000,BVBL100317,De Ommegang,BVBL25269170ING1241AE,U12 Niveau 4 A6,,14.30,
BVBL25269170ING1241ASEF,ING1241ASEF06,BVBL1218G12  2,Bobcat Wielsbeke G12 B,#0000ff,BVBL1037G12  2,BBC Haantjes Certifisc Oudenaarde G12 B,#ffff00,18-10-2025,1760783400000,BVBL100100,De Vlaschaard (Wielsbeke),BVBL25269170ING1241AS,U12 Niveau 4 B3,,10.30,
BVBL25269170ING1421BAC,ING1421BAC06,BVBL1127G14  1,House Of Talents Kortrijk Spurs G14 A,#000000,BVBL1037G14  1,BBC Haantjes Certifisc Oudenaarde G14 A,#ffff00,18-10-2025,1760803200000,BVBL100230,Sporthal Lange Munte,BVBL25269170ING1421B,U14 Niveau 2 B,,16.00,
BVBL25269170ING1441ACDB,ING1441ACDB06,BVBL1037G14  2,BBC Haantjes Certifisc Oudenaarde G14 B,#ffff00,BVBL1061G14  2,BBC Helios SanoRice Zottegem G14 B,#ffff00,18-10-2025,1760806800000,BVBL100343,Rode Los,BVBL25269170ING1441AC,U14 Niveau 4 A4,,17.00,
BVBL25269170INJ1641FEF,INJ1641FEF06,BVBL1037J16  2,BBC Haantjes Certifisc Oudenaarde J16 B,#ffff00,BVBL1289J16  1,BBC Wildcats Gavere J16 A,#ffa500,18-10-2025,1760793300000,BVBL100343,Rode Los,BVBL25269170INJ1641F,U16 Niveau 4 F,,13.15,
BVBL25269170INJ1821BAC,INJ1821BAC06,BVBL1075J18  1,Koninklijke BBC Oostkamp J18 A,#ff0000,BVBL1037J18  1,BBC Haantjes Certifisc Oudenaarde J18 A,#ffff00,18-10-2025,1760793300000,BVBL100248,De Valkaart,BVBL25269170INJ1821B,U18 Niveau 2 B,,13.15,
BVBL25269170INM1421BEF,INM1421BEF06,BVBL1037M14  1,BBC Haantjes Certifisc Oudenaarde M14 A,#ffff00,BVBL1127M14  2,House Of Talents Kortrijk Spurs M14 B,#000000,18-10-2025,1760801400000,BVBL100343,Rode Los,BVBL25269170INM1421B,U14 Meisjes Niveau 2 B,,15.30,
BVBL25269170INM1631CDB,INM1631CDB06,BVBL1123M16  1,BC Black Boys Erpe-Mere M16 A,#000000,BVBL1037M16  1,BBC Haantjes Certifisc Oudenaarde M16 A,#ffff00,18-10-2025,1760795100000,BVBL100303,Sint Bavo,BVBL25269170INM1631C,U16 Meisjes Niveau 3 C,,13.45,
BVBL25269170INM1921BDB,INM1921BDB06,BVBL1037M19  1,BBC Haantjes Certifisc Oudenaarde M19 A,#ffff00,BVBL1034M19  2,G&V Breakpoint Basket Waregem M19 B,#ff0000,18-10-2025,1760785200000,BVBL100343,Rode Los,BVBL25269170INM1921B,U19 Meisjes Niveau 2 B,,11.00,
BVBL25269130OVDSE11ANC,OVDSE11ANC19,BVBL1226DSE  1,Gent-Oost Eagles DSE A,#000000,BVBL1037DSE  1,BBC Haantjes Certifisc Oudenaarde DSE A,#ffff00,19-10-2025,1760886000000,BVBL100319,Eagles HQ,BVBL25269130OVDSE11A,1e Prov. Dames Oost-Vlaanderen ,,15.00,
BVBL25269130OVHSE41BKD,OVHSE41BKD06,BVBL1037HSE  3,BBC Haantjes Certifisc Oudenaarde HSE C,#ffff00,BVBL1253HSE  2,BBC Assenede HSE B,#400000,19-10-2025,1760893200000,BVBL100343,Rode Los,BVBL25269130OVHSE41B,4e Prov. Heren Oost-Vlaanderen B,,17.00,
BVBL25269170ING1041AOEF,ING1041AOEF06,BVBL1218G10  2,Bobcat Wielsbeke G10 B,#0000ff,BVBL1037G10  2,BBC Haantjes Certifisc Oudenaarde G10 B,#ffff00,19-10-2025,1760864400000,BVBL100100,De Vlaschaard (Wielsbeke),BVBL25269170ING1041AO,U10 Niveau 4 B5,,09.00,
BVBL25269170INJ1621BAC,INJ1621BAC06,BVBL1042J16  1,BC Lamett Deerlijk-Zwevegem J16 A,#000000,BVBL1037J16  1,BBC Haantjes Certifisc Oudenaarde J16 A,#ffff00,19-10-2025,1760871600000,BVBL100246,Gaverhal,BVBL25269170INJ1621B,U16 Niveau 2 B,,11.00,
BVBL25269170INJ1831DEF,INJ1831DEF06,BVBL1414J18  2,Amon Jeugd Gentson J18 B,#ff0000,BVBL1037J18  2,BBC Haantjes Certifisc Oudenaarde J18 B,#ffff00,19-10-2025,1760886000000,BVBL660094,Provinciale Sporthal Henleykaai (Abdis),BVBL25269170INJ1831D,U18 Niveau 3 D,,15.00,
BVBL25269130OVDSE11AJC,OVDSE11AJC05,BVBL1446DSE  1,BBC Feniks Futuria Gent DSE A,#000000,BVBL1037DSE  1,BBC Haantjes Certifisc Oudenaarde DSE A,#ffff00,22-10-2025,1761164400000,BVBL100307,Hekers,BVBL25269130OVDSE11A,1e Prov. Dames Oost-Vlaanderen ,,20.20,
BVBL25269130OVDSE11ALC,OVDSE11ALC07,BVBL1158DSE  1,BBC Garage Wille Hansbeke DSE A,,BVBL1037DSE  1,BBC Haantjes Certifisc Oudenaarde DSE A,#ffff00,26-10-2025,1761489000000,BVBL600002,Sporthal Oostbroek,BVBL25269130OVDSE11A,1e Prov. Dames Oost-Vlaanderen ,,14.30,
BVBL25269130OVHSE11ADA,OVHSE11ADA07,BVBL1037HSE  1,BBC Haantjes Certifisc Oudenaarde HSE A,#ffff00,BVBL1061HSE  1,BBC Helios SanoRice Zottegem HSE A,#0000ff,26-10-2025,1761498000000,BVBL100343,Rode Los,BVBL25269130OVHSE11A,1e Prov. Heren Oost-Vlaanderen,,17.00,
BVBL25269130OVHSE31BLC,OVHSE31BLC07,BVBL1068HSE  5,ABO LDP Donza HSE E,#000000,BVBL1037HSE  2,BBC Haantjes Certifisc Oudenaarde HSE B,#ffff00,26-10-2025,1761490800000,BVBL500101,Sporthal Nazareth,BVBL25269130OVHSE31B,3e Prov. Heren Oost-Vlaanderen B,,15.00,
BVBL25269170ING1241ABAF,ING1241ABAF02,BVBL1289G12  1,BBC Wildcats Gavere G12 A,#ffa500,BVBL1037G12  1,BBC Haantjes Certifisc Oudenaarde G12 A,#ffff00,26-10-2025,1761490800000,BVBL660103,Scaldis Gavere,BVBL25269170ING1241AB,U12 Niveau 4 A3,,15.00,
BVBL25269170INM1421BDE,INM1421BDE03,BVBL1068M14  1,ABO LDP Donza M14 A,#000000,BVBL1037M14  1,BBC Haantjes Certifisc Oudenaarde M14 A,#ffff00,26-10-2025,1761476400000,BVBL500101,Sporthal Nazareth,BVBL25269170INM1421B,U14 Meisjes Niveau 2 B,,11.00,
BVBL25269130BOVHSE3215,BOVHSE321501,BVBL9000HSE289,winnaar BOVHSEVR 02,,BVBL1037HSE  1,BBC Haantjes Certifisc Oudenaarde HSE A,#ffff00,31-10-2025,1761868800000,,,BVBL25269130BOVHSE32,Beker van Oost-Vlaanderen Heren 1/32 Finale,,,
BVBL25269130BOVDSE1608,BOVDSE160801,BVBL1037DSE  1,BBC Haantjes Certifisc Oudenaarde DSE A,#ffff00,BVBL1158DSE  1,BBC Garage Wille Hansbeke DSE A,,01-11-2025,1761955200000,BVBL100343,Rode Los,BVBL25269130BOVDSE16,Beker van Oost-Vlaanderen Dames 1/16 Finale,,,
BVBL25269130BOVJ180802,BOVJ18080201,BVBL9000J18 46,winnaar BOVJ1816 07,,BVBL1037J18  2,BBC Haantjes Certifisc Oudenaarde J18 B,#ffff00,02-11-2025,1762041600000,,,BVBL25269130BOVJ1808,Beker van Oost-Vlaanderen U18 Jongens 1/8 Finale,,,
BVBL25269130OVHSE31BGC,OVHSE31BGC09,BVBL1289HSE  1,BBC Wildcats Gavere HSE A,#ffa500,BVBL1037HSE  2,BBC Haantjes Certifisc Oudenaarde HSE B,#ffff00,08-11-2025,1762628400000,BVBL660103,Scaldis Gavere,BVBL25269130OVHSE31B,3e Prov. Heren Oost-Vlaanderen B,,19.00,
BVBL25269170ING1041AOFA,ING1041AOFA07,BVBL1037G10  2,BBC Haantjes Certifisc Oudenaarde G10 B,#ffff00,BVBL1042G10  4,BC Lamett Deerlijk-Zwevegem G10 D,,08-11-2025,1762592400000,BVBL100343,Rode Los,BVBL25269170ING1041AO,U10 Niveau 4 B5,,09.00,
BVBL25269170ING1041KBE,ING1041KBE07,BVBL1441G10  2,Koninklijke Basket Avelgem G10 B,#ffff00,BVBL1037G10  3,BBC Haantjes Certifisc Oudenaarde G10 C,#ffff00,08-11-2025,1762610400000,BVBL100264,Gemeentelijke Sporthal Ter Muncken,BVBL25269170ING1041K,U10 Niveau 4 C4,,14.00,
BVBL25269170ING1241ABFA,ING1241ABFA07,BVBL1037G12  1,BBC Haantjes Certifisc Oudenaarde G12 A,#ffff00,BVBL1289G12  1,BBC Wildcats Gavere G12 A,#ffa500,08-11-2025,1762599600000,BVBL100343,Rode Los,BVBL25269170ING1241AB,U12 Niveau 4 A3,,11.00,
BVBL25269170ING1241AEFA,ING1241AEFA07,BVBL1037G12  3,BBC Haantjes Certifisc Oudenaarde G12 C,#ffff00,BVBL1363G12  2,BBC Houtem Redwolves G12 B,#ff0000,08-11-2025,1762592400000,BVBL100343,Rode Los,BVBL25269170ING1241AE,U12 Niveau 4 A6,,09.00,
BVBL25269170ING1241ASFA,ING1241ASFA07,BVBL1037G12  2,BBC Haantjes Certifisc Oudenaarde G12 B,#ffff00,BVBL1034G12  3,G&V Breakpoint Basket Waregem G12 C,#ff0000,08-11-2025,1762599600000,BVBL100343,Rode Los,BVBL25269170ING1241AS,U12 Niveau 4 B3,,11.00,
BVBL25269170ING1441ACCD,ING1441ACCD07,BVBL1123G14  1,BC Black Boys Erpe-Mere G14 A,#000000,BVBL1037G14  2,BBC Haantjes Certifisc Oudenaarde G14 B,#ffff00,08-11-2025,1762601400000,BVBL100303,Sint Bavo,BVBL25269170ING1441AC,U14 Niveau 4 A4,,11.30,
BVBL25269170INJ1621BCD,INJ1621BCD07,BVBL1037J16  1,BBC Haantjes Certifisc Oudenaarde J16 A,#ffff00,BVBL1206J16  1,KBBC Racing Brugge J16 A,#ffff00,08-11-2025,1762616700000,BVBL100343,Rode Los,BVBL25269170INJ1621B,U16 Niveau 2 B,,15.45,
BVBL25269170INJ1641FBE,INJ1641FBE07,BVBL1441J16  2,Koninklijke Basket Avelgem J16 B,#ffff00,BVBL1037J16  2,BBC Haantjes Certifisc Oudenaarde J16 B,#ffff00,08-11-2025,1762596000000,BVBL100264,Gemeentelijke Sporthal Ter Muncken,BVBL25269170INJ1641F,U16 Niveau 4 F,,10.00,
BVBL25269170INJ1821BCD,INJ1821BCD07,BVBL1037J18  1,BBC Haantjes Certifisc Oudenaarde J18 A,#ffff00,BVBL1090J18  1,Wytewa Roeselare J18 A,#0000ff,08-11-2025,1762608600000,BVBL100343,Rode Los,BVBL25269170INJ1821B,U18 Niveau 2 B,,13.30,
BVBL25269170INJ1831DFA,INJ1831DFA07,BVBL1037J18  2,BBC Haantjes Certifisc Oudenaarde J18 B,#ffff00,BVBL1034J18  2,G&V Breakpoint Basket Waregem J18 B,#ff0000,08-11-2025,1762607700000,BVBL100343,Rode Los,BVBL25269170INJ1831D,U18 Niveau 3 D,,13.15,
BVBL25269170INM1921BCD,INM1921BCD07,BVBL1127M19  2,House Of Talents Kortrijk Spurs M19 B,#000000,BVBL1037M19  1,BBC Haantjes Certifisc Oudenaarde M19 A,#ffff00,08-11-2025,1762603200000,BVBL100230,Sporthal Lange Munte,BVBL25269170INM1921B,U19 Meisjes Niveau 2 B,,12.00,
BVBL25269130OVDSE11AGC,OVDSE11AGC09,BVBL1326DSE  3,DBC Osiris Okapi Aalst DSE C,#0000ff,BVBL1037DSE  1,BBC Haantjes Certifisc Oudenaarde DSE A,#ffff00,09-11-2025,1762707600000,BVBL100281,Forum Aalst,BVBL25269130OVDSE11A,1e Prov. Dames Oost-Vlaanderen ,,17.00,
BVBL25269130OVHSE11ADJ,OVHSE11ADJ09,BVBL1037HSE  1,BBC Haantjes Certifisc Oudenaarde HSE A,#ffff00,BVBL1162HSE  2,e5 Sgolba Aalter HSE B,#ff0000,09-11-2025,1762707600000,BVBL100343,Rode Los,BVBL25269130OVHSE11A,1e Prov. Heren Oost-Vlaanderen,,17.00,
BVBL25269130OVHSE41BNK,OVHSE41BNK09,BVBL1142HSE  3,KBBC Sparta Laarne HSE C,#ffff00,BVBL1037HSE  3,BBC Haantjes Certifisc Oudenaarde HSE C,#ffff00,09-11-2025,1762707600000,BVBL100300,Gemeentelijke Sporthal Laarne,BVBL25269130OVHSE41B,4e Prov. Heren Oost-Vlaanderen B,,17.00,
BVBL25269170ING0841BBE,ING0841BBE07,BVBL1127G08  1,House Of Talents Kortrijk Spurs G08 A,#000000,BVBL1037G08  1,BBC Haantjes Certifisc Oudenaarde G08 A,#ffff00,09-11-2025,1762682400000,BVBL500014,Athena Campus 3 Hofsteden,BVBL25269170ING0841B,U08 Niveau 4 B,,10.00,
BVBL25269170ING0841FBE,ING0841FBE07,BVBL1042G08  2,BC Lamett Deerlijk-Zwevegem G08 B,#000000,BVBL1037G08  2,BBC Haantjes Certifisc Oudenaarde G08 B,#ffff00,09-11-2025,1762678800000,BVBL100246,Gaverhal,BVBL25269170ING0841F,U08 Niveau 4 F,,09.00,
BVBL25269170ING1041ABCD,ING1041ABCD07,BVBL1218G10  1,Bobcat Wielsbeke G10 A,#0000ff,BVBL1037G10  1,BBC Haantjes Certifisc Oudenaarde G10 A,#ffff00,09-11-2025,1762678800000,BVBL100100,De Vlaschaard (Wielsbeke),BVBL25269170ING1041AB,U10 Niveau 4 A3,,09.00,
BVBL25269170ING1421BCD,ING1421BCD07,BVBL1037G14  1,BBC Haantjes Certifisc Oudenaarde G14 A,#ffff00,BVBL1522G14  1,Avanti Brugge 2015 G14 A,#ff0000,09-11-2025,1762699500000,BVBL100343,Rode Los,BVBL25269170ING1421B,U14 Niveau 2 B,,14.45,
BVBL25269170INM1421BBE,INM1421BBE07,BVBL1034M14  2,G&V Breakpoint Basket Waregem M14 B,#ff0000,BVBL1037M14  1,BBC Haantjes Certifisc Oudenaarde M14 A,#ffff00,09-11-2025,1762686000000,BVBL100240,De Treffer (Stedelijke Sporthal),BVBL25269170INM1421B,U14 Meisjes Niveau 2 B,,11.00,
BVBL25269170INM1631CBE,INM1631CBE07,BVBL1037M16  1,BBC Haantjes Certifisc Oudenaarde M16 A,#ffff00,BVBL1226M16  1,Gent-Oost Eagles M16 A,#000000,09-11-2025,1762691400000,BVBL100343,Rode Los,BVBL25269170INM1631C,U16 Meisjes Niveau 3 C,,12.30,
BVBL25269130OVHSE11AFD,OVHSE11AFD08,BVBL1180HSE  2,Jumbo Elektrooghe Gembas Knesselare HSE B,#ff0000,BVBL1037HSE  1,BBC Haantjes Certifisc Oudenaarde HSE A,#ffff00,15-11-2025,1763240400000,BVBL100311,Sporthal Flabbaert,BVBL25269130OVHSE11A,1e Prov. Heren Oost-Vlaanderen,,21.00,
BVBL25269130OVHSE31BCE,OVHSE31BCE08,BVBL1037HSE  2,BBC Haantjes Certifisc Oudenaarde HSE B,#ffff00,BVBL1180HSE  3,Jumbo Elektrooghe Gembas Knesselare HSE C,#ff0000,15-11-2025,1763237700000,BVBL100343,Rode Los,BVBL25269130OVHSE31B,3e Prov. Heren Oost-Vlaanderen B,,20.15,
BVBL25269170ING0841BED,ING0841BED08,BVBL1037G08  1,BBC Haantjes Certifisc Oudenaarde G08 A,#ffff00,BVBL1289G08  1,BBC Wildcats Gavere G08 A,,15-11-2025,1763204400000,BVBL100343,Rode Los,BVBL25269170ING0841B,U08 Niveau 4 B,,11.00,
BVBL25269170ING0841FED,ING0841FED08,BVBL1037G08  2,BBC Haantjes Certifisc Oudenaarde G08 B,#ffff00,BVBL1127G08  2,House Of Talents Kortrijk Spurs G08 B,#000000,15-11-2025,1763197200000,BVBL100343,Rode Los,BVBL25269170ING0841F,U08 Niveau 4 F,,09.00,
BVBL25269170ING1041ABED,ING1041ABED08,BVBL1237G10  1,Basket Desselgem G10 A,#0000ff,BVBL1037G10  1,BBC Haantjes Certifisc Oudenaarde G10 A,#ffff00,15-11-2025,1763200800000,BVBL100150,Leiestadion,BVBL25269170ING1041AB,U10 Niveau 4 A3,,10.00,
BVBL25269170ING1041AOCF,ING1041AOCF08,BVBL1048G10  1,Blue Rocks Ronse-Kluisbergen G10 A,#000080,BVBL1037G10  2,BBC Haantjes Certifisc Oudenaarde G10 B,#ffff00,15-11-2025,1763215200000,BVBL100283,Kluisbos,BVBL25269170ING1041AO,U10 Niveau 4 B5,,14.00,
BVBL25269170ING1041KED,ING1041KED08,BVBL1037G10  3,BBC Haantjes Certifisc Oudenaarde G10 C,#ffff00,BVBL1413G10  1,Jeugdbasket Scaldis Zwevegem G10 A,#00ff00,15-11-2025,1763197200000,BVBL100343,Rode Los,BVBL25269170ING1041K,U10 Niveau 4 C4,,09.00,
BVBL25269170ING1241ABFC,ING1241ABFC03,BVBL1037G12  1,BBC Haantjes Certifisc Oudenaarde G12 A,#ffff00,BVBL1127G12  4,House Of Talents Kortrijk Spurs G12 D,#000000,15-11-2025,1763204400000,BVBL100343,Rode Los,BVBL25269170ING1241AB,U12 Niveau 4 A3,,11.00,
BVBL25269170ING1241AECF,ING1241AECF08,BVBL1123G12  1,BC Black Boys Erpe-Mere G12 A,#000000,BVBL1037G12  3,BBC Haantjes Certifisc Oudenaarde G12 C,#ffff00,15-11-2025,1763213400000,BVBL100303,Sint Bavo,BVBL25269170ING1241AE,U12 Niveau 4 A6,,13.30,
BVBL25269170ING1241ASCF,ING1241ASCF08,BVBL1048G12  1,Blue Rocks Ronse-Kluisbergen G12 A,#000080,BVBL1037G12  2,BBC Haantjes Certifisc Oudenaarde G12 B,#ffff00,15-11-2025,1763222400000,BVBL100283,Kluisbos,BVBL25269170ING1241AS,U12 Niveau 4 B3,,16.00,
BVBL25269170ING1421BCF,ING1421BCF08,BVBL1037G14  1,BBC Haantjes Certifisc Oudenaarde G14 A,#ffff00,BVBL1034G14  1,G&V Breakpoint Basket Waregem G14 A,#ff0000,15-11-2025,1763212500000,BVBL100343,Rode Los,BVBL25269170ING1421B,U14 Niveau 2 B,,13.15,
BVBL25269170ING1441ACED,ING1441ACED08,BVBL1070G14  1,KBBC Wezen-Vrienden Geraardsbergen G14 A,#ff0000,BVBL1037G14  2,BBC Haantjes Certifisc Oudenaarde G14 B,#ffff00,15-11-2025,1763218800000,BVBL500221,De Veldmuis,BVBL25269170ING1441AC,U14 Niveau 4 A4,,15.00,
BVBL25269170INJ1621BCF,INJ1621BCF08,BVBL1037J16  1,BBC Haantjes Certifisc Oudenaarde J16 A,#ffff00,BVBL1026J16  1,Basket Midwest Izegem J16 A,#000000,15-11-2025,1763221500000,BVBL100343,Rode Los,BVBL25269170INJ1621B,U16 Niveau 2 B,,15.45,
BVBL25269170INJ1641FED,INJ1641FED08,BVBL1037J16  2,BBC Haantjes Certifisc Oudenaarde J16 B,#ffff00,BVBL1276J16  2,Midwest All-in Garden Tielt J16 B,#000000,15-11-2025,1763220600000,BVBL100343,Rode Los,BVBL25269170INJ1641F,U16 Niveau 4 F,,15.30,
BVBL25269170INJ1821BCF,INJ1821BCF08,BVBL1037J18  1,BBC Haantjes Certifisc Oudenaarde J18 A,#ffff00,BVBL1452J18  1,Holstra WINGS Wevelgem-Moorsele J18 A,#000000,15-11-2025,1763213400000,BVBL100343,Rode Los,BVBL25269170INJ1821B,U18 Niveau 2 B,,13.30,
BVBL25269170INM1631CAB,INM1631CAB08,BVBL1142M16  2,KBBC Sparta Laarne M16 B,#ffff00,BVBL1037M16  1,BBC Haantjes Certifisc Oudenaarde M16 A,#ffff00,15-11-2025,1763215200000,BVBL100300,Gemeentelijke Sporthal Laarne,BVBL25269170INM1631C,U16 Meisjes Niveau 3 C,,14.00,
BVBL25269130OVHSE41BKI,OVHSE41BKI08,BVBL1037HSE  3,BBC Haantjes Certifisc Oudenaarde HSE C,#ffff00,BVBL1460HSE  3,Erembodegem Silverbacks HSE C,#000000,16-11-2025,1763312400000,BVBL100343,Rode Los,BVBL25269130OVHSE41B,4e Prov. Heren Oost-Vlaanderen B,,17.00,
BVBL25269170INJ1831DCF,INJ1831DCF08,BVBL1093J18  1,Rozenbeka Oostrozebeke J18 A,#ffc845,BVBL1037J18  2,BBC Haantjes Certifisc Oudenaarde J18 B,#ffff00,16-11-2025,1763305200000,BVBL100260,"Stedelijke Sporthal ""Mandelmeersen"" Oostrozebeke",BVBL25269170INJ1831D,U18 Niveau 3 D,,15.00,
BVBL25269170INM1421BED,INM1421BED08,BVBL1037M14  1,BBC Haantjes Certifisc Oudenaarde M14 A,#ffff00,BVBL1068M14  1,ABO LDP Donza M14 A,#000000,16-11-2025,1763304300000,BVBL100343,Rode Los,BVBL25269170INM1421B,U14 Meisjes Niveau 2 B,,14.45,
BVBL25269170INM1921BDE,INM1921BDE03,BVBL1037M19  1,BBC Haantjes Certifisc Oudenaarde M19 A,#ffff00,BVBL1218M19  1,Bobcat Wielsbeke M19 A,#0000ff,16-11-2025,1763312400000,BVBL100343,Rode Los,BVBL25269170INM1921B,U19 Meisjes Niveau 2 B,,17.00,
BVBL25269130OVDSE11ABC,OVDSE11ABC11,BVBL1234DSE  1,Royal Tigers Evergem DSE A,#ff0000,BVBL1037DSE  1,BBC Haantjes Certifisc Oudenaarde DSE A,#ffff00,22-11-2025,1763836200000,BVBL500005,Gemeentelijke Sporthal Evergem,BVBL25269130OVDSE11A,1e Prov. Dames Oost-Vlaanderen ,,18.30,
BVBL25269130OVHSE11ADM,OVHSE11ADM11,BVBL1037HSE  1,BBC Haantjes Certifisc Oudenaarde HSE A,#ffff00,BVBL1226HSE  2,Gent-Oost Eagles HSE B,#400040,22-11-2025,1763842500000,BVBL100343,Rode Los,BVBL25269130OVHSE11A,1e Prov. Heren Oost-Vlaanderen,,20.15,
BVBL25269130OVHSE31BBC,OVHSE31BBC11,BVBL1376HSE  1,CSS Outdoor Living Ninove HSE A,#0000ff,BVBL1037HSE  2,BBC Haantjes Certifisc Oudenaarde HSE B,#ffff00,22-11-2025,1763839800000,BVBL100337,Sporthal Ninove,BVBL25269130OVHSE31B,3e Prov. Heren Oost-Vlaanderen B,,19.30,
BVBL25269130OVHSE41BKA,OVHSE41BKA11,BVBL1037HSE  3,BBC Haantjes Certifisc Oudenaarde HSE C,#ffff00,BVBL1010HSE  1,BBC White Star - Witte Sterren St. Amandsberg HSE A,#0000ff,22-11-2025,1763834400000,BVBL100343,Rode Los,BVBL25269130OVHSE41B,4e Prov. Heren Oost-Vlaanderen B,,18.00,
BVBL25269170ING0841BEC,ING0841BEC09,BVBL1037G08  1,BBC Haantjes Certifisc Oudenaarde G08 A,#ffff00,BVBL1034G08  1,G&V Breakpoint Basket Waregem G08 A,#ff0000,22-11-2025,1763809200000,BVBL100343,Rode Los,BVBL25269170ING0841B,U08 Niveau 4 B,,11.00,
BVBL25269170ING0841FEC,ING0841FEC09,BVBL1037G08  2,BBC Haantjes Certifisc Oudenaarde G08 B,#ffff00,BVBL1068G08  1,ABO LDP Donza G08 A,#000000,22-11-2025,1763802000000,BVBL100343,Rode Los,BVBL25269170ING0841F,U08 Niveau 4 F,,09.00,
BVBL25269170ING1041ABDA,ING1041ABDA09,BVBL1037G10  1,BBC Haantjes Certifisc Oudenaarde G10 A,#ffff00,BVBL1127G10  3,House Of Talents Kortrijk Spurs G10 C,#000000,22-11-2025,1763809200000,BVBL100343,Rode Los,BVBL25269170ING1041AB,U10 Niveau 4 A3,,11.00,
BVBL25269170ING1041AOBF,ING1041AOBF09,BVBL1127G10  4,House Of Talents Kortrijk Spurs G10 D,#000000,BVBL1037G10  2,BBC Haantjes Certifisc Oudenaarde G10 B,#ffff00,22-11-2025,1763802000000,BVBL500014,Athena Campus 3 Hofsteden,BVBL25269170ING1041AO,U10 Niveau 4 B5,,09.00,
BVBL25269170ING1241ABBF,ING1241ABBF09,BVBL1068G12  3,ABO LDP Donza G12 C,#000000,BVBL1037G12  1,BBC Haantjes Certifisc Oudenaarde G12 A,#ffff00,22-11-2025,1763809200000,BVBL100287,Palaestra,BVBL25269170ING1241AB,U12 Niveau 4 A3,,11.00,
BVBL25269170ING1241ASBF,ING1241ASBF09,BVBL1237G12  1,Basket Desselgem G12 A,#0000ff,BVBL1037G12  2,BBC Haantjes Certifisc Oudenaarde G12 B,#ffff00,22-11-2025,1763805600000,BVBL100150,Leiestadion,BVBL25269170ING1241AS,U12 Niveau 4 B3,,10.00,
BVBL25269170ING1441ACDA,ING1441ACDA09,BVBL1037G14  2,BBC Haantjes Certifisc Oudenaarde G14 B,#ffff00,BVBL1203G14  2,BC Lede G14 B,,22-11-2025,1763825400000,BVBL100343,Rode Los,BVBL25269170ING1441AC,U14 Niveau 4 A4,,15.30,
BVBL25269170INJ1621BEC,INJ1621BEC09,BVBL1068J16  1,ABO LDP Donza J16 A,#000000,BVBL1037J16  1,BBC Haantjes Certifisc Oudenaarde J16 A,#ffff00,22-11-2025,1763818200000,BVBL100302,OCP,BVBL25269170INJ1621B,U16 Niveau 2 B,,13.30,
BVBL25269170INJ1641FEC,INJ1641FEC09,BVBL1037J16  2,BBC Haantjes Certifisc Oudenaarde J16 B,#ffff00,BVBL1218J16  2,Bobcat Wielsbeke J16 B,#0000ff,22-11-2025,1763817300000,BVBL100343,Rode Los,BVBL25269170INJ1641F,U16 Niveau 4 F,,13.15,
BVBL25269170INJ1831DBF,INJ1831DBF09,BVBL1441J18  1,Koninklijke Basket Avelgem J18 A,#ffff00,BVBL1037J18  2,BBC Haantjes Certifisc Oudenaarde J18 B,#ffff00,22-11-2025,1763805600000,BVBL100264,Gemeentelijke Sporthal Ter Muncken,BVBL25269170INJ1831D,U18 Niveau 3 D,,10.00,
BVBL25269170INM1631CBF,INM1631CBF09,BVBL1037M16  1,BBC Haantjes Certifisc Oudenaarde M16 A,#ffff00,BVBL1326M16  2,DBC Osiris Okapi Aalst M16 B,#0000ff,22-11-2025,1763817300000,BVBL100343,Rode Los,BVBL25269170INM1631C,U16 Meisjes Niveau 3 C,,13.15,
BVBL25269170INM1921BDA,INM1921BDA09,BVBL1037M19  1,BBC Haantjes Certifisc Oudenaarde M19 A,#ffff00,BVBL1414M19  2,Amon Jeugd Gentson M19 B,,22-11-2025,1763802000000,BVBL100343,Rode Los,BVBL25269170INM1921B,U19 Meisjes Niveau 2 B,,09.00,
BVBL25269170ING1241AEBF,ING1241AEBF09,BVBL1024G12  1,Okapi Aalst G12 A,#0000ff,BVBL1037G12  3,BBC Haantjes Certifisc Oudenaarde G12 C,#ffff00,23-11-2025,1763902800000,BVBL500218,TechniGO! campus De Voorstad,BVBL25269170ING1241AE,U12 Niveau 4 A6,,13.00,
BVBL25269170ING1421BEC,ING1421BEC09,BVBL1180G14  1,Jumbo Elektrooghe Gembas Knesselare G14 A,#ff0000,BVBL1037G14  1,BBC Haantjes Certifisc Oudenaarde G14 A,#ffff00,23-11-2025,1763910000000,BVBL500213,MEOS,BVBL25269170ING1421B,U14 Niveau 2 B,,15.00,
BVBL25269170INJ1821BEC,INJ1821BEC09,BVBL1068J18  1,ABO LDP Donza J18 A,#000000,BVBL1037J18  1,BBC Haantjes Certifisc Oudenaarde J18 A,#ffff00,23-11-2025,1763897400000,BVBL100302,OCP,BVBL25269170INJ1821B,U18 Niveau 2 B,,11.30,
BVBL25269130OVDSE11ACI,OVDSE11ACI10,BVBL1037DSE  1,BBC Haantjes Certifisc Oudenaarde DSE A,#ffff00,BVBL1029DSE  1,Koninklijke Sint-Niklase Condors DSE A,#ffff00,29-11-2025,1764447300000,BVBL100343,Rode Los,BVBL25269130OVDSE11A,1e Prov. Dames Oost-Vlaanderen ,,20.15,
BVBL25269130OVHSE11AHD,OVHSE11AHD10,BVBL1363HSE  1,BBC Houtem Redwolves HSE A,#ff0000,BVBL1037HSE  1,BBC Haantjes Certifisc Oudenaarde HSE A,#ffff00,29-11-2025,1764448200000,BVBL100290,De Fabriek,BVBL25269130OVHSE11A,1e Prov. Heren Oost-Vlaanderen,,20.30,
BVBL25269130OVHSE31BCI,OVHSE31BCI10,BVBL1037HSE  2,BBC Haantjes Certifisc Oudenaarde HSE B,#ffff00,BVBL1446HSE  2,BBC Feniks Futuria Gent HSE B,#ffffff,29-11-2025,1764439200000,BVBL100343,Rode Los,BVBL25269130OVHSE31B,3e Prov. Heren Oost-Vlaanderen B,,18.00,
BVBL25269130OVHSE41BMK,OVHSE41BMK10,BVBL1061HSE  3,BBC Helios SanoRice Zottegem HSE C,#ffff00,BVBL1037HSE  3,BBC Haantjes Certifisc Oudenaarde HSE C,#ffff00,29-11-2025,1764433800000,BVBL500365,Sporthal Bevegemse Vijvers,BVBL25269130OVHSE41B,4e Prov. Heren Oost-Vlaanderen B,,16.30,
BVBL25269170ING0841FAE,ING0841FAE10,BVBL1237G08  1,Basket Desselgem G08 A,#0000ff,BVBL1037G08  2,BBC Haantjes Certifisc Oudenaarde G08 B,#ffff00,29-11-2025,1764410400000,BVBL100150,Leiestadion,BVBL25269170ING0841F,U08 Niveau 4 F,,10.00,
BVBL25269170ING1041ABFD,ING1041ABFD10,BVBL1034G10  3,G&V Breakpoint Basket Waregem G10 C,#ff0000,BVBL1037G10  1,BBC Haantjes Certifisc Oudenaarde G10 A,#ffff00,29-11-2025,1764421200000,BVBL100153,Heilig Hart College,BVBL25269170ING1041AB,U10 Niveau 4 A3,,13.00,
BVBL25269170ING1041AOFD,ING1041AOFD10,BVBL1037G10  2,BBC Haantjes Certifisc Oudenaarde G10 B,#ffff00,BVBL1289G10  1,BBC Wildcats Gavere G10 A,,29-11-2025,1764406800000,BVBL100343,Rode Los,BVBL25269170ING1041AO,U10 Niveau 4 B5,,09.00,
BVBL25269170ING1041KAE,ING1041KAE10,BVBL1034G10  5,G&V Breakpoint Basket Waregem G10 E,#ff0000,BVBL1037G10  3,BBC Haantjes Certifisc Oudenaarde G10 C,#ffff00,29-11-2025,1764428400000,BVBL100153,Heilig Hart College,BVBL25269170ING1041K,U10 Niveau 4 C4,,15.00,
BVBL25269170ING1241ABFD,ING1241ABFD10,BVBL1037G12  1,BBC Haantjes Certifisc Oudenaarde G12 A,#ffff00,BVBL1218G12  1,Bobcat Wielsbeke G12 A,#0000ff,29-11-2025,1764414000000,BVBL100343,Rode Los,BVBL25269170ING1241AB,U12 Niveau 4 A3,,11.00,
BVBL25269170ING1241AEFD,ING1241AEFD10,BVBL1037G12  3,BBC Haantjes Certifisc Oudenaarde G12 C,#ffff00,BVBL1070G12  1,KBBC Wezen-Vrienden Geraardsbergen G12 A,#ff0000,29-11-2025,1764406800000,BVBL100343,Rode Los,BVBL25269170ING1241AE,U12 Niveau 4 A6,,09.00,
BVBL25269170ING1241ASDF,ING1241ASDF05,BVBL1413G12  1,Jeugdbasket Scaldis Zwevegem G12 A,#00ff00,BVBL1037G12  2,BBC Haantjes Certifisc Oudenaarde G12 B,#ffff00,29-11-2025,1764406800000,BVBL100226,Sport-Ontmoetingscentrum Otegem,BVBL25269170ING1241AS,U12 Niveau 4 B3,,09.00,
BVBL25269170ING1421BCB,ING1421BCB10,BVBL1037G14  1,BBC Haantjes Certifisc Oudenaarde G14 A,#ffff00,BVBL1226G14  1,Gent-Oost Eagles G14 A,#000000,29-11-2025,1764423000000,BVBL100343,Rode Los,BVBL25269170ING1421B,U14 Niveau 2 B,,13.30,
BVBL25269170ING1441ACFD,ING1441ACFD10,BVBL1460G14  2,Erembodegem Silverbacks G14 B,#000000,BVBL1037G14  2,BBC Haantjes Certifisc Oudenaarde G14 B,#ffff00,29-11-2025,1764414000000,BVBL100318,Denderdal,BVBL25269170ING1441AC,U14 Niveau 4 A4,,11.00,
BVBL25269170INJ1621BCB,INJ1621BCB10,BVBL1037J16  1,BBC Haantjes Certifisc Oudenaarde J16 A,#ffff00,BVBL1075J16  1,Koninklijke BBC Oostkamp J16 A,#ff0000,29-11-2025,1764431100000,BVBL100343,Rode Los,BVBL25269170INJ1621B,U16 Niveau 2 B,,15.45,
BVBL25269170INJ1641FAE,INJ1641FAE10,BVBL1237J16  1,Basket Desselgem J16 A,#0000ff,BVBL1037J16  2,BBC Haantjes Certifisc Oudenaarde J16 B,#ffff00,29-11-2025,1764417600000,BVBL100150,Leiestadion,BVBL25269170INJ1641F,U16 Niveau 4 F,,12.00,
BVBL25269170INJ1821BCB,INJ1821BCB10,BVBL1037J18  1,BBC Haantjes Certifisc Oudenaarde J18 A,#ffff00,BVBL1426J18  1,Basket SKT Ieper J18 A,#0000ff,29-11-2025,1764423000000,BVBL100343,Rode Los,BVBL25269170INJ1821B,U18 Niveau 2 B,,13.30,
BVBL25269170INJ1831DFD,INJ1831DFD10,BVBL1037J18  2,BBC Haantjes Certifisc Oudenaarde J18 B,#ffff00,BVBL1042J18  1,BC Lamett Deerlijk-Zwevegem J18 A,#000000,29-11-2025,1764414900000,BVBL100343,Rode Los,BVBL25269170INJ1831D,U18 Niveau 3 D,,11.15,
BVBL25269170INM1421BAE,INM1421BAE10,BVBL1363M14  1,BBC Houtem Redwolves M14 A,#ff0000,BVBL1037M14  1,BBC Haantjes Certifisc Oudenaarde M14 A,#ffff00,29-11-2025,1764424800000,BVBL100290,De Fabriek,BVBL25269170INM1421B,U14 Meisjes Niveau 2 B,,14.00,
BVBL25269170INM1631CCB,INM1631CCB10,BVBL1414M16  2,Amon Jeugd Gentson M16 B,,BVBL1037M16  1,BBC Haantjes Certifisc Oudenaarde M16 A,#ffff00,29-11-2025,1764428400000,BVBL660094,Provinciale Sporthal Henleykaai (Abdis),BVBL25269170INM1631C,U16 Meisjes Niveau 3 C,,15.00,
BVBL25269170ING0841BAE,ING0841BAE10,BVBL1042G08  1,BC Lamett Deerlijk-Zwevegem G08 A,#000000,BVBL1037G08  1,BBC Haantjes Certifisc Oudenaarde G08 A,#ffff00,30-11-2025,1764500400000,BVBL100246,Gaverhal,BVBL25269170ING0841B,U08 Niveau 4 B,,11.00,
BVBL25269170INM1921BFD,INM1921BFD10,BVBL1226M19  1,Gent-Oost Eagles M19 A,#000000,BVBL1037M19  1,BBC Haantjes Certifisc Oudenaarde M19 A,#ffff00,30-11-2025,1764514800000,BVBL100319,Eagles HQ,BVBL25269170INM1921B,U19 Meisjes Niveau 2 B,,15.00,
BVBL25269170ING0841BFE,ING0841BFE01,BVBL1227G08  1,Olympos Marke G08 A,#2bc021,BVBL1037G08  1,BBC Haantjes Certifisc Oudenaarde G08 A,#ffff00,06-12-2025,1765038600000,BVBL100101,Sporthalle Marke,BVBL25269170ING0841B,U08 Niveau 4 B,,16.30,
BVBL25269170ING0841FFE,ING0841FFE01,BVBL1034G08  2,G&V Breakpoint Basket Waregem G08 B,#ff0000,BVBL1037G08  2,BBC Haantjes Certifisc Oudenaarde G08 B,#ffff00,06-12-2025,1765011600000,BVBL100240,De Treffer (Stedelijke Sporthal),BVBL25269170ING0841F,U08 Niveau 4 F,,09.00,
BVBL25269170ING1041ABBD,ING1041ABBD01,BVBL1441G10  1,Koninklijke Basket Avelgem G10 A,#ffff00,BVBL1037G10  1,BBC Haantjes Certifisc Oudenaarde G10 A,#ffff00,06-12-2025,1765022400000,BVBL100264,Gemeentelijke Sporthal Ter Muncken,BVBL25269170ING1041AB,U10 Niveau 4 A3,,12.00,
BVBL25269170ING1041AOFE,ING1041AOFE01,BVBL1037G10  2,BBC Haantjes Certifisc Oudenaarde G10 B,#ffff00,BVBL1218G10  2,Bobcat Wielsbeke G10 B,#0000ff,06-12-2025,1765011600000,BVBL100343,Rode Los,BVBL25269170ING1041AO,U10 Niveau 4 B5,,09.00,
BVBL25269170ING1041KFE,ING1041KFE01,BVBL1127G10  5,House Of Talents Kortrijk Spurs G10 E,#000000,BVBL1037G10  3,BBC Haantjes Certifisc Oudenaarde G10 C,#ffff00,06-12-2025,1765029600000,BVBL500014,Athena Campus 3 Hofsteden,BVBL25269170ING1041K,U10 Niveau 4 C4,  1-  1  AFOR,14.00,
BVBL25269130OVDSE11ACK,OVDSE11ACK12,BVBL1037DSE  1,BBC Haantjes Certifisc Oudenaarde DSE A,#ffff00,BVBL1558DSE  1,BBC Vesting Denderleeuw DSE A,#000000,13-12-2025,1765648800000,BVBL100343,Rode Los,BVBL25269130OVDSE11A,1e Prov. Dames Oost-Vlaanderen ,,18.00,
BVBL25269130OVHSE11ALD,OVHSE11ALD12,BVBL1141HSE  1,BBC Olympia Denderleeuw HSE A,#00be00,BVBL1037HSE  1,BBC Haantjes Certifisc Oudenaarde HSE A,#ffff00,13-12-2025,1765657800000,BVBL100330,Lecompte,BVBL25269130OVHSE11A,1e Prov. Heren Oost-Vlaanderen,,20.30,
BVBL25269130OVHSE31BCK,OVHSE31BCK12,BVBL1037HSE  2,BBC Haantjes Certifisc Oudenaarde HSE B,#ffff00,BVBL1414HSE  4,Amon Jeugd Gentson HSE D,#ff0000,13-12-2025,1765656900000,BVBL100343,Rode Los,BVBL25269130OVHSE31B,3e Prov. Heren Oost-Vlaanderen B,,20.15,
BVBL25269130OVHSE41BCK,OVHSE41BCK12,BVBL1048HSE  2,Blue Rocks Ronse-Kluisbergen HSE B,#ff8c00,BVBL1037HSE  3,BBC Haantjes Certifisc Oudenaarde HSE C,#ffff00,13-12-2025,1765649700000,BVBL100283,Kluisbos,BVBL25269130OVHSE41B,4e Prov. Heren Oost-Vlaanderen B,,18.15,
BVBL25269170ING0841BEB,ING0841BEB02,BVBL1037G08  1,BBC Haantjes Certifisc Oudenaarde G08 A,#ffff00,BVBL1127G08  1,House Of Talents Kortrijk Spurs G08 A,#000000,13-12-2025,1765623600000,BVBL100343,Rode Los,BVBL25269170ING0841B,U08 Niveau 4 B,,11.00,
BVBL25269170ING0841FEB,ING0841FEB02,BVBL1037G08  2,BBC Haantjes Certifisc Oudenaarde G08 B,#ffff00,BVBL1042G08  2,BC Lamett Deerlijk-Zwevegem G08 B,#000000,13-12-2025,1765616400000,BVBL100343,Rode Los,BVBL25269170ING0841F,U08 Niveau 4 F,,09.00,
BVBL25269170ING1041ABDC,ING1041ABDC02,BVBL1037G10  1,BBC Haantjes Certifisc Oudenaarde G10 A,#ffff00,BVBL1218G10  1,Bobcat Wielsbeke G10 A,#0000ff,13-12-2025,1765623600000,BVBL100343,Rode Los,BVBL25269170ING1041AB,U10 Niveau 4 A3,,11.00,
BVBL25269170ING1041KEB,ING1041KEB02,BVBL1037G10  3,BBC Haantjes Certifisc Oudenaarde G10 C,#ffff00,BVBL1441G10  2,Koninklijke Basket Avelgem G10 B,#ffff00,13-12-2025,1765616400000,BVBL100343,Rode Los,BVBL25269170ING1041K,U10 Niveau 4 C4,,09.00,
BVBL25269170ING1041AOAF,ING1041AOAF02,BVBL1042G10  4,BC Lamett Deerlijk-Zwevegem G10 D,,BVBL1037G10  2,BBC Haantjes Certifisc Oudenaarde G10 B,#ffff00,14-12-2025,1765710000000,BVBL100246,Gaverhal,BVBL25269170ING1041AO,U10 Niveau 4 B5,,11.00,
BVBL25269130OVHSE31BDC,OVHSE31BDC13,BVBL1129HSE  1,The Tower Aalst HSE A,#ffc0cb,BVBL1037HSE  2,BBC Haantjes Certifisc Oudenaarde HSE B,#ffff00,19-12-2025,1766176200000,BVBL100281,Forum Aalst,BVBL25269130OVHSE31B,3e Prov. Heren Oost-Vlaanderen B,,20.30,
BVBL25269130OVDSE11ADC,OVDSE11ADC13,BVBL1289DSE  2,BBC Wildcats Gavere DSE B,#ffa500,BVBL1037DSE  1,BBC Haantjes Certifisc Oudenaarde DSE A,#ffff00,20-12-2025,1766257200000,BVBL660103,Scaldis Gavere,BVBL25269130OVDSE11A,1e Prov. Dames Oost-Vlaanderen ,,19.00,
BVBL25269130OVHSE41BKF,OVHSE41BKF13,BVBL1037HSE  3,BBC Haantjes Certifisc Oudenaarde HSE C,#ffff00,BVBL1289HSE  2,BBC Wildcats Gavere HSE B,#ffa500,20-12-2025,1766253600000,BVBL100343,Rode Los,BVBL25269130OVHSE41B,4e Prov. Heren Oost-Vlaanderen B,,18.00,
BVBL25269130OVHSE11ADC,OVHSE11ADC13,BVBL1037HSE  1,BBC Haantjes Certifisc Oudenaarde HSE A,#ffff00,BVBL1024HSE  2,Okapi Aalst HSE B,#0000ff,21-12-2025,1766336400000,BVBL100343,Rode Los,BVBL25269130OVHSE11A,1e Prov. Heren Oost-Vlaanderen,,17.00,
BVBL25269130OVDSE11ACA,OVDSE11ACA01,BVBL1037DSE  1,BBC Haantjes Certifisc Oudenaarde DSE A,#ffff00,BVBL1048DSE  1,Blue Rocks Ronse-Kluisbergen DSE A,#000040,10-01-2026,1768068000000,BVBL100343,Rode Los,BVBL25269130OVDSE11A,1e Prov. Dames Oost-Vlaanderen ,,18.00,
BVBL25269130OVHSE31BAC,OVHSE31BAC14,BVBL1404HSE  2,BBC Hotshots Destelbergen HSE B,#0000ff,BVBL1037HSE  2,BBC Haantjes Certifisc Oudenaarde HSE B,#ffff00,10-01-2026,1768065300000,BVBL500413,Sporthal Bergenmeers,BVBL25269130OVHSE31B,3e Prov. Heren Oost-Vlaanderen B,,17.15,
BVBL25269130OVHSE41BKH,OVHSE41BKH14,BVBL1037HSE  3,BBC Haantjes Certifisc Oudenaarde HSE C,#ffff00,BVBL1363HSE  3,BBC Houtem Redwolves HSE C,#ff0000,10-01-2026,1768068000000,BVBL100343,Rode Los,BVBL25269130OVHSE41B,4e Prov. Heren Oost-Vlaanderen B,,18.00,
BVBL25269130OVHSE11ADB,OVHSE11ADB14,BVBL1037HSE  1,BBC Haantjes Certifisc Oudenaarde HSE A,#ffff00,BVBL1234HSE  1,Royal Tigers Evergem HSE A,#ff0000,11-01-2026,1768150800000,BVBL100343,Rode Los,BVBL25269130OVHSE11A,1e Prov. Heren Oost-Vlaanderen,,17.00,
BVBL25269130OVHSE41BJK,OVHSE41BJK15,BVBL1070HSE  3,KBBC Wezen-Vrienden Geraardsbergen HSE C,#ff0000,BVBL1037HSE  3,BBC Haantjes Certifisc Oudenaarde HSE C,#ffff00,16-01-2026,1768597200000,BVBL500221,De Veldmuis,BVBL25269130OVHSE41B,4e Prov. Heren Oost-Vlaanderen B,,21.00,
BVBL25269130OVDSE11ACM,OVDSE11ACM15,BVBL1037DSE  1,BBC Haantjes Certifisc Oudenaarde DSE A,#ffff00,BVBL1142DSE  2,KBBC Sparta Laarne DSE B,#000000,17-01-2026,1768672800000,BVBL100343,Rode Los,BVBL25269130OVDSE11A,1e Prov. Dames Oost-Vlaanderen ,,18.00,
BVBL25269130OVHSE11AND,OVHSE11AND15,BVBL1142HSE  1,KBBC Sparta Laarne HSE A,#ffff00,BVBL1037HSE  1,BBC Haantjes Certifisc Oudenaarde HSE A,#ffff00,17-01-2026,1768681800000,BVBL100300,Gemeentelijke Sporthal Laarne,BVBL25269130OVHSE11A,1e Prov. Heren Oost-Vlaanderen,,20.30,
BVBL25269130OVHSE31BCM,OVHSE31BCM15,BVBL1037HSE  2,BBC Haantjes Certifisc Oudenaarde HSE B,#ffff00,BVBL1203HSE  2,BC Lede HSE B,#0000ff,17-01-2026,1768680900000,BVBL100343,Rode Los,BVBL25269130OVHSE31B,3e Prov. Heren Oost-Vlaanderen B,,20.15,
BVBL25269130OVHSE11AED,OVHSE11AED16,BVBL1047HSE  1,Koninklijke BBC Scheldejeugd Temse HSE A,#0000ff,BVBL1037HSE  1,BBC Haantjes Certifisc Oudenaarde HSE A,#ffff00,24-01-2026,1769279400000,BVBL100282,Sporthal Temsica,BVBL25269130OVHSE11A,1e Prov. Heren Oost-Vlaanderen,,18.30,
BVBL25269130OVHSE31BCF,OVHSE31BCF16,BVBL1037HSE  2,BBC Haantjes Certifisc Oudenaarde HSE B,#ffff00,BVBL1141HSE  2,BBC Olympia Denderleeuw HSE B,#00be00,24-01-2026,1769285700000,BVBL100343,Rode Los,BVBL25269130OVHSE31B,3e Prov. Heren Oost-Vlaanderen B,,20.15,
BVBL25269130OVDSE11AFC,OVDSE11AFC03,BVBL1414DSE  3,Amon Jeugd Gentson DSE C,#ff0000,BVBL1037DSE  1,BBC Haantjes Certifisc Oudenaarde DSE A,#ffff00,25-01-2026,1769346000000,BVBL600033,Provinciale Sporthal Henleykaai,BVBL25269130OVDSE11A,1e Prov. Dames Oost-Vlaanderen ,,13.00,
BVBL25269130OVHSE41BKL,OVHSE41BKL16,BVBL1037HSE  3,BBC Haantjes Certifisc Oudenaarde HSE C,#ffff00,BVBL1343HSE  2,Basket Meetjesland HSE B,#000000,25-01-2026,1769360400000,BVBL100343,Rode Los,BVBL25269130OVHSE41B,4e Prov. Heren Oost-Vlaanderen B,,17.00,
BVBL25269130OVDSE11AHC,OVDSE11AHC17,BVBL1363DSE  2,BBC Houtem Redwolves DSE B,#ff0000,BVBL1037DSE  1,BBC Haantjes Certifisc Oudenaarde DSE A,#ffff00,31-01-2026,1769877000000,BVBL100290,De Fabriek,BVBL25269130OVDSE11A,1e Prov. Dames Oost-Vlaanderen ,,16.30,
BVBL25269130OVHSE31BHC,OVHSE31BHC17,BVBL1070HSE  1,KBBC Wezen-Vrienden Geraardsbergen HSE A,#ff0000,BVBL1037HSE  2,BBC Haantjes Certifisc Oudenaarde HSE B,#ffff00,31-01-2026,1769891400000,BVBL500221,De Veldmuis,BVBL25269130OVHSE31B,3e Prov. Heren Oost-Vlaanderen B,,20.30,
BVBL25269130OVHSE11ADG,OVHSE11ADG17,BVBL1037HSE  1,BBC Haantjes Certifisc Oudenaarde HSE A,#ffff00,BVBL1446HSE  1,BBC Feniks Futuria Gent HSE A,#ffffff,01-02-2026,1769965200000,BVBL100343,Rode Los,BVBL25269130OVHSE11A,1e Prov. Heren Oost-Vlaanderen,,17.00,
BVBL25269130OVDSE11ACJ,OVDSE11ACJ18,BVBL1037DSE  1,BBC Haantjes Certifisc Oudenaarde DSE A,#ffff00,BVBL1446DSE  1,BBC Feniks Futuria Gent DSE A,#000000,07-02-2026,1770487200000,BVBL100343,Rode Los,BVBL25269130OVDSE11A,1e Prov. Dames Oost-Vlaanderen ,,18.00,
BVBL25269130OVHSE11AID,OVHSE11AID18,BVBL1068HSE  3,ABO LDP Donza HSE C,#000000,BVBL1037HSE  1,BBC Haantjes Certifisc Oudenaarde HSE A,#ffff00,07-02-2026,1770480000000,BVBL100302,OCP,BVBL25269130OVHSE11A,1e Prov. Heren Oost-Vlaanderen,,16.00,
BVBL25269130OVHSE31BCJ,OVHSE31BCJ18,BVBL1037HSE  2,BBC Haantjes Certifisc Oudenaarde HSE B,#ffff00,BVBL1226HSE  4,Gent-Oost Eagles HSE D,#400040,07-02-2026,1770495300000,BVBL100343,Rode Los,BVBL25269130OVHSE31B,3e Prov. Heren Oost-Vlaanderen B,,20.15,
BVBL25269130OVHSE41BKB,OVHSE41BKB18,BVBL1037HSE  3,BBC Haantjes Certifisc Oudenaarde HSE C,#ffff00,BVBL1234HSE  3,Royal Tigers Evergem HSE C,#b51a00,08-02-2026,1770570000000,BVBL100343,Rode Los,BVBL25269130OVHSE41B,4e Prov. Heren Oost-Vlaanderen B,,17.00,
BVBL25269130OVDSE11ACN,OVDSE11ACN06,BVBL1037DSE  1,BBC Haantjes Certifisc Oudenaarde DSE A,#ffff00,BVBL1226DSE  1,Gent-Oost Eagles DSE A,#000000,14-02-2026,1771092000000,BVBL100343,Rode Los,BVBL25269130OVDSE11A,1e Prov. Dames Oost-Vlaanderen ,,18.00,
BVBL25269130OVHSE31BNC,OVHSE31BNC19,BVBL1460HSE  1,Erembodegem Silverbacks HSE A,#000000,BVBL1037HSE  2,BBC Haantjes Certifisc Oudenaarde HSE B,#ffff00,14-02-2026,1771101900000,BVBL100318,Denderdal,BVBL25269130OVHSE31B,3e Prov. Heren Oost-Vlaanderen B,,20.45,
BVBL25269130OVHSE41BDK,OVHSE41BDK19,BVBL1253HSE  2,BBC Assenede HSE B,#400000,BVBL1037HSE  3,BBC Haantjes Certifisc Oudenaarde HSE C,#ffff00,14-02-2026,1771092900000,BVBL500092,Gemeentelijke Sporthal Assenede,BVBL25269130OVHSE41B,4e Prov. Heren Oost-Vlaanderen B,,18.15,
BVBL25269130OVHSE11ADK,OVHSE11ADK19,BVBL1037HSE  1,BBC Haantjes Certifisc Oudenaarde HSE A,#ffff00,BVBL1029HSE  2,Koninklijke Sint-Niklase Condors HSE B,#ffff00,15-02-2026,1771174800000,BVBL100343,Rode Los,BVBL25269130OVHSE11A,1e Prov. Heren Oost-Vlaanderen,,17.00,
BVBL25269130OVHSE11ADF,OVHSE11ADF21,BVBL1037HSE  1,BBC Haantjes Certifisc Oudenaarde HSE A,#ffff00,BVBL1180HSE  2,Jumbo Elektrooghe Gembas Knesselare HSE B,#ff0000,26-02-2026,1772137800000,BVBL100343,Rode Los,BVBL25269130OVHSE11A,1e Prov. Heren Oost-Vlaanderen,,20.30,
BVBL25269130BOVM190403,BOVM19040301,BVBL9000M19 60,winnaar BOVM1908 03,,BVBL1037M19  1,BBC Haantjes Certifisc Oudenaarde M19 A,#ffff00,28-02-2026,1772236800000,,,BVBL25269130BOVM1904,Beker van Oost-Vlaanderen U19 Meisjes 1/4 Finale,,,
BVBL25269130OVHSE41BIK,OVHSE41BIK21,BVBL1460HSE  3,Erembodegem Silverbacks HSE C,#000000,BVBL1037HSE  3,BBC Haantjes Certifisc Oudenaarde HSE C,#ffff00,28-02-2026,1772304300000,BVBL100318,Denderdal,BVBL25269130OVHSE41B,4e Prov. Heren Oost-Vlaanderen B,,18.45,
BVBL25269130BOVM120402,BOVM12040201,BVBL1326M12  1,DBC Osiris Okapi Aalst M12 A,#0000ff,BVBL1037M12  1,BBC Haantjes Certifisc Oudenaarde M12 A,#ffff00,01-03-2026,1772323200000,BVBL500218,TechniGO! campus De Voorstad,BVBL25269130BOVM1204,Beker van Oost-Vlaanderen U12 Meisjes 1/4 Finale,,,
BVBL25269130OVHSE31BEC,OVHSE31BEC21,BVBL1180HSE  3,Jumbo Elektrooghe Gembas Knesselare HSE C,#ff0000,BVBL1037HSE  2,BBC Haantjes Certifisc Oudenaarde HSE B,#ffff00,01-03-2026,1772377200000,BVBL100311,Sporthal Flabbaert,BVBL25269130OVHSE31B,3e Prov. Heren Oost-Vlaanderen B,,15.00,
BVBL25269130OVHSE11AJD,OVHSE11AJD22,BVBL1162HSE  2,e5 Sgolba Aalter HSE B,#ff0000,BVBL1037HSE  1,BBC Haantjes Certifisc Oudenaarde HSE A,#ffff00,07-03-2026,1772906400000,BVBL500242,Sportpark Aalter,BVBL25269130OVHSE11A,1e Prov. Heren Oost-Vlaanderen,,18.00,
BVBL25269130OVDSE11ACG,OVDSE11ACG22,BVBL1037DSE  1,BBC Haantjes Certifisc Oudenaarde DSE A,#ffff00,BVBL1326DSE  3,DBC Osiris Okapi Aalst DSE C,#0000ff,08-03-2026,1772981100000,BVBL100343,Rode Los,BVBL25269130OVDSE11A,1e Prov. Dames Oost-Vlaanderen ,,14.45,
BVBL25269130OVHSE31BCG,OVHSE31BCG22,BVBL1037HSE  2,BBC Haantjes Certifisc Oudenaarde HSE B,#ffff00,BVBL1289HSE  1,BBC Wildcats Gavere HSE A,#ffa500,08-03-2026,1772989200000,BVBL100343,Rode Los,BVBL25269130OVHSE31B,3e Prov. Heren Oost-Vlaanderen B,,17.00,
BVBL25269130OVHSE41BKN,OVHSE41BKN22,BVBL1037HSE  3,BBC Haantjes Certifisc Oudenaarde HSE C,#ffff00,BVBL1142HSE  3,KBBC Sparta Laarne HSE C,#ffff00,08-03-2026,1772973000000,BVBL100343,Rode Los,BVBL25269130OVHSE41B,4e Prov. Heren Oost-Vlaanderen B,,12.30,
BVBL25269130OVDSE11AIC,OVDSE11AIC23,BVBL1029DSE  1,Koninklijke Sint-Niklase Condors DSE A,#ffff00,BVBL1037DSE  1,BBC Haantjes Certifisc Oudenaarde DSE A,#ffff00,14-03-2026,1773504000000,BVBL100294,Sporthal De Witte Molen,BVBL25269130OVDSE11A,1e Prov. Dames Oost-Vlaanderen ,,16.00,
BVBL25269130OVHSE31BIC,OVHSE31BIC23,BVBL1446HSE  2,BBC Feniks Futuria Gent HSE B,#ffffff,BVBL1037HSE  2,BBC Haantjes Certifisc Oudenaarde HSE B,#ffff00,14-03-2026,1773512400000,BVBL100307,Hekers,BVBL25269130OVHSE31B,3e Prov. Heren Oost-Vlaanderen B,,18.20,
BVBL25269130OVHSE41BKM,OVHSE41BKM23,BVBL1037HSE  3,BBC Haantjes Certifisc Oudenaarde HSE C,#ffff00,BVBL1061HSE  3,BBC Helios SanoRice Zottegem HSE C,#ffff00,14-03-2026,1773511200000,BVBL100343,Rode Los,BVBL25269130OVHSE41B,4e Prov. Heren Oost-Vlaanderen B,,18.00,
BVBL25269130OVHSE11ADH,OVHSE11ADH23,BVBL1037HSE  1,BBC Haantjes Certifisc Oudenaarde HSE A,#ffff00,BVBL1363HSE  1,BBC Houtem Redwolves HSE A,#ff0000,15-03-2026,1773594000000,BVBL100343,Rode Los,BVBL25269130OVHSE11A,1e Prov. Heren Oost-Vlaanderen,,17.00,
BVBL25269130OVDSE11ACL,OVDSE11ACL20,BVBL1037DSE  1,BBC Haantjes Certifisc Oudenaarde DSE A,#ffff00,BVBL1158DSE  1,BBC Garage Wille Hansbeke DSE A,,21-03-2026,1774116000000,BVBL100343,Rode Los,BVBL25269130OVDSE11A,1e Prov. Dames Oost-Vlaanderen ,,18.00,
BVBL25269130OVHSE11AAD,OVHSE11AAD20,BVBL1061HSE  1,BBC Helios SanoRice Zottegem HSE A,#0000ff,BVBL1037HSE  1,BBC Haantjes Certifisc Oudenaarde HSE A,#ffff00,21-03-2026,1774125900000,BVBL500365,Sporthal Bevegemse Vijvers,BVBL25269130OVHSE11A,1e Prov. Heren Oost-Vlaanderen,,20.45,
BVBL25269130OVHSE31BCL,OVHSE31BCL20,BVBL1037HSE  2,BBC Haantjes Certifisc Oudenaarde HSE B,#ffff00,BVBL1068HSE  5,ABO LDP Donza HSE E,#000000,21-03-2026,1774124100000,BVBL100343,Rode Los,BVBL25269130OVHSE31B,3e Prov. Heren Oost-Vlaanderen B,,20.15,
BVBL25269130OVHSE11AMD,OVHSE11AMD24,BVBL1226HSE  2,Gent-Oost Eagles HSE B,#400040,BVBL1037HSE  1,BBC Haantjes Certifisc Oudenaarde HSE A,#ffff00,27-03-2026,1774642500000,BVBL100319,Eagles HQ,BVBL25269130OVHSE11A,1e Prov. Heren Oost-Vlaanderen,,20.15,
BVBL25269130OVHSE31BCB,OVHSE31BCB24,BVBL1037HSE  2,BBC Haantjes Certifisc Oudenaarde HSE B,#ffff00,BVBL1376HSE  1,CSS Outdoor Living Ninove HSE A,#0000ff,28-03-2026,1774728900000,BVBL100343,Rode Los,BVBL25269130OVHSE31B,3e Prov. Heren Oost-Vlaanderen B,,20.15,
BVBL25269130OVHSE41BAK,OVHSE41BAK24,BVBL1010HSE  1,BBC White Star - Witte Sterren St. Amandsberg HSE A,#0000ff,BVBL1037HSE  3,BBC Haantjes Certifisc Oudenaarde HSE C,#ffff00,28-03-2026,1774729800000,BVBL500413,Sporthal Bergenmeers,BVBL25269130OVHSE41B,4e Prov. Heren Oost-Vlaanderen B,,20.30,
BVBL25269130OVDSE11ACB,OVDSE11ACB24,BVBL1037DSE  1,BBC Haantjes Certifisc Oudenaarde DSE A,#ffff00,BVBL1234DSE  1,Royal Tigers Evergem DSE A,#ff0000,29-03-2026,1774803600000,BVBL100343,Rode Los,BVBL25269130OVDSE11A,1e Prov. Dames Oost-Vlaanderen ,,17.00,
BVBL25269130OVHSE11ADL,OVHSE11ADL25,BVBL1037HSE  1,BBC Haantjes Certifisc Oudenaarde HSE A,#ffff00,BVBL1141HSE  1,BBC Olympia Denderleeuw HSE A,#00be00,12-04-2026,1776013200000,BVBL100343,Rode Los,BVBL25269130OVHSE11A,1e Prov. Heren Oost-Vlaanderen,,17.00,
BVBL25269130OVHSE11ACD,OVHSE11ACD26,BVBL1024HSE  2,Okapi Aalst HSE B,#0000ff,BVBL1037HSE  1,BBC Haantjes Certifisc Oudenaarde HSE A,#ffff00,17-04-2026,1776457800000,BVBL100281,Forum Aalst,BVBL25269130OVHSE11A,1e Prov. Heren Oost-Vlaanderen,,20.30,
BVBL25269130OVDSE11ACD,OVDSE11ACD26,BVBL1037DSE  1,BBC Haantjes Certifisc Oudenaarde DSE A,#ffff00,BVBL1289DSE  2,BBC Wildcats Gavere DSE B,#ffa500,18-04-2026,1776535200000,BVBL100343,Rode Los,BVBL25269130OVDSE11A,1e Prov. Dames Oost-Vlaanderen ,,18.00,
BVBL25269130OVHSE31BCD,OVHSE31BCD26,BVBL1037HSE  2,BBC Haantjes Certifisc Oudenaarde HSE B,#ffff00,BVBL1129HSE  1,The Tower Aalst HSE A,#ffc0cb,18-04-2026,1776543300000,BVBL100343,Rode Los,BVBL25269130OVHSE31B,3e Prov. Heren Oost-Vlaanderen B,,20.15,
BVBL25269130OVHSE41BFK,OVHSE41BFK26,BVBL1289HSE  2,BBC Wildcats Gavere HSE B,#ffa500,BVBL1037HSE  3,BBC Haantjes Certifisc Oudenaarde HSE C,#ffff00,19-04-2026,1776610800000,BVBL660103,Scaldis Gavere,BVBL25269130OVHSE41B,4e Prov. Heren Oost-Vlaanderen B,,15.00,
BVBL25269130OVHSE41BKC,OVHSE41BKC25,BVBL1037HSE  3,BBC Haantjes Certifisc Oudenaarde HSE C,#ffff00,BVBL1048HSE  2,Blue Rocks Ronse-Kluisbergen HSE B,#ff8c00,25-04-2026,1777140000000,BVBL100343,Rode Los,BVBL25269130OVHSE41B,4e Prov. Heren Oost-Vlaanderen B,,18.00,
BVBL25269130OVDSE11AKC,OVDSE11AKC25,BVBL1558DSE  1,BBC Vesting Denderleeuw DSE A,#000000,BVBL1037DSE  1,BBC Haantjes Certifisc Oudenaarde DSE A,#ffff00,26-04-2026,1777222800000,BVBL100330,Lecompte,BVBL25269130OVDSE11A,1e Prov. Dames Oost-Vlaanderen ,,17.00,
BVBL25269130OVHSE31BKC,OVHSE31BKC25,BVBL1414HSE  4,Amon Jeugd Gentson HSE D,#ff0000,BVBL1037HSE  2,BBC Haantjes Certifisc Oudenaarde HSE B,#ffff00,26-04-2026,1777215600000,BVBL600033,Provinciale Sporthal Henleykaai,BVBL25269130OVHSE31B,3e Prov. Heren Oost-Vlaanderen B,,15.00,
